year_week,Age_Group,metric,total,weekly_count
10/04/2021,<10,Cases,5623,525
10/04/2021,10-19,Cases,11572,1006
10/04/2021,20-29,Cases,26096,1828
10/04/2021,30-39,Cases,20985,1464
10/04/2021,40-49,Cases,16939,1150
10/04/2021,50-59,Cases,14532,931
10/04/2021,60-69,Cases,9360,646
10/04/2021,70-79,Cases,5032,288
10/04/2021,80-89,Cases,2916,77
10/04/2021,90+,Cases,1382,16
10/04/2021,<10,Hospitalizations,57,5
10/04/2021,10-19,Hospitalizations,41,1
10/04/2021,20-29,Hospitalizations,265,14
10/04/2021,30-39,Hospitalizations,499,28
10/04/2021,40-49,Hospitalizations,563,42
10/04/2021,50-59,Hospitalizations,831,60
10/04/2021,60-69,Hospitalizations,1008,45
10/04/2021,70-79,Hospitalizations,1175,62
10/04/2021,80-89,Hospitalizations,900,48
10/04/2021,90+,Hospitalizations,318,16
10/04/2021,<10,ICU,5,1
10/04/2021,10-19,ICU,5,0
10/04/2021,20-29,ICU,29,0
10/04/2021,30-39,ICU,99,12
10/04/2021,40-49,ICU,123,17
10/04/2021,50-59,ICU,234,18
10/04/2021,60-69,ICU,315,12
10/04/2021,70-79,ICU,343,22
10/04/2021,80-89,ICU,142,3
10/04/2021,90+,ICU,17,1
10/04/2021,<10,Deaths,1,1
10/04/2021,10-19,Deaths,0,0
10/04/2021,20-29,Deaths,1,1
10/04/2021,30-39,Deaths,14,0
10/04/2021,40-49,Deaths,18,-1
10/04/2021,50-59,Deaths,50,3
10/04/2021,60-69,Deaths,130,2
10/04/2021,70-79,Deaths,307,5
10/04/2021,80-89,Deaths,549,10
10/04/2021,90+,Deaths,444,5
03/04/2021,<10,Cases,5098,351
03/04/2021,10-19,Cases,10566,725
03/04/2021,20-29,Cases,24268,1535
03/04/2021,30-39,Cases,19521,1347
03/04/2021,40-49,Cases,15789,975
03/04/2021,50-59,Cases,13601,780
03/04/2021,60-69,Cases,8714,488
03/04/2021,70-79,Cases,4744,234
03/04/2021,80-89,Cases,2839,75
03/04/2021,90+,Cases,1366,26
03/04/2021,<10,Hospitalizations,52,-1
03/04/2021,10-19,Hospitalizations,40,-1
03/04/2021,20-29,Hospitalizations,251,8
03/04/2021,30-39,Hospitalizations,471,19
03/04/2021,40-49,Hospitalizations,521,13
03/04/2021,50-59,Hospitalizations,771,46
03/04/2021,60-69,Hospitalizations,963,33
03/04/2021,70-79,Hospitalizations,1113,47
03/04/2021,80-89,Hospitalizations,852,25
03/04/2021,90+,Hospitalizations,302,9
03/04/2021,<10,ICU,4,0
03/04/2021,10-19,ICU,5,1
03/04/2021,20-29,ICU,29,3
03/04/2021,30-39,ICU,87,4
03/04/2021,40-49,ICU,106,5
03/04/2021,50-59,ICU,216,16
03/04/2021,60-69,ICU,303,7
03/04/2021,70-79,ICU,321,7
03/04/2021,80-89,ICU,139,4
03/04/2021,90+,ICU,16,1
03/04/2021,<10,Deaths,0,0
03/04/2021,10-19,Deaths,0,0
03/04/2021,20-29,Deaths,0,0
03/04/2021,30-39,Deaths,14,2
03/04/2021,40-49,Deaths,19,0
03/04/2021,50-59,Deaths,47,2
03/04/2021,60-69,Deaths,128,5
03/04/2021,70-79,Deaths,302,9
03/04/2021,80-89,Deaths,539,5
03/04/2021,90+,Deaths,439,5
27/03/2021,<10,Cases,4747,364
27/03/2021,10-19,Cases,9841,691
27/03/2021,20-29,Cases,22733,1512
27/03/2021,30-39,Cases,18174,1229
27/03/2021,40-49,Cases,14814,947
27/03/2021,50-59,Cases,12821,796
27/03/2021,60-69,Cases,8226,463
27/03/2021,70-79,Cases,4510,273
27/03/2021,80-89,Cases,2764,106
27/03/2021,90+,Cases,1340,20
27/03/2021,<10,Hospitalizations,53,3
27/03/2021,10-19,Hospitalizations,41,1
27/03/2021,20-29,Hospitalizations,243,11
27/03/2021,30-39,Hospitalizations,452,17
27/03/2021,40-49,Hospitalizations,508,20
27/03/2021,50-59,Hospitalizations,725,25
27/03/2021,60-69,Hospitalizations,930,39
27/03/2021,70-79,Hospitalizations,1066,33
27/03/2021,80-89,Hospitalizations,827,36
27/03/2021,90+,Hospitalizations,293,13
27/03/2021,<10,ICU,4,0
27/03/2021,10-19,ICU,4,0
27/03/2021,20-29,ICU,26,0
27/03/2021,30-39,ICU,83,1
27/03/2021,40-49,ICU,101,3
27/03/2021,50-59,ICU,200,5
27/03/2021,60-69,ICU,296,15
27/03/2021,70-79,ICU,314,5
27/03/2021,80-89,ICU,135,10
27/03/2021,90+,ICU,15,1
27/03/2021,<10,Deaths,0,0
27/03/2021,10-19,Deaths,0,0
27/03/2021,20-29,Deaths,0,0
27/03/2021,30-39,Deaths,12,1
27/03/2021,40-49,Deaths,19,1
27/03/2021,50-59,Deaths,45,0
27/03/2021,60-69,Deaths,123,4
27/03/2021,70-79,Deaths,293,5
27/03/2021,80-89,Deaths,534,8
27/03/2021,90+,Deaths,434,3
20/03/2021,<10,Cases,4383,240
20/03/2021,10-19,Cases,9150,456
20/03/2021,20-29,Cases,21221,1038
20/03/2021,30-39,Cases,16945,850
20/03/2021,40-49,Cases,13867,601
20/03/2021,50-59,Cases,12025,596
20/03/2021,60-69,Cases,7763,407
20/03/2021,70-79,Cases,4237,158
20/03/2021,80-89,Cases,2658,78
20/03/2021,90+,Cases,1320,11
20/03/2021,<10,Hospitalizations,50,2
20/03/2021,10-19,Hospitalizations,40,2
20/03/2021,20-29,Hospitalizations,232,9
20/03/2021,30-39,Hospitalizations,435,17
20/03/2021,40-49,Hospitalizations,488,26
20/03/2021,50-59,Hospitalizations,700,22
20/03/2021,60-69,Hospitalizations,891,26
20/03/2021,70-79,Hospitalizations,1033,44
20/03/2021,80-89,Hospitalizations,791,31
20/03/2021,90+,Hospitalizations,280,2
20/03/2021,<10,ICU,4,0
20/03/2021,10-19,ICU,4,1
20/03/2021,20-29,ICU,26,1
20/03/2021,30-39,ICU,82,4
20/03/2021,40-49,ICU,98,4
20/03/2021,50-59,ICU,195,11
20/03/2021,60-69,ICU,281,7
20/03/2021,70-79,ICU,309,17
20/03/2021,80-89,ICU,125,6
20/03/2021,90+,ICU,14,0
20/03/2021,<10,Deaths,0,0
20/03/2021,10-19,Deaths,0,0
20/03/2021,20-29,Deaths,0,0
20/03/2021,30-39,Deaths,11,0
20/03/2021,40-49,Deaths,18,1
20/03/2021,50-59,Deaths,45,1
20/03/2021,60-69,Deaths,119,5
20/03/2021,70-79,Deaths,288,10
20/03/2021,80-89,Deaths,526,5
20/03/2021,90+,Deaths,431,5
13/03/2021,<10,Cases,4143,191
13/03/2021,10-19,Cases,8694,401
13/03/2021,20-29,Cases,20183,860
13/03/2021,30-39,Cases,16095,713
13/03/2021,40-49,Cases,13266,554
13/03/2021,50-59,Cases,11429,460
13/03/2021,60-69,Cases,7356,330
13/03/2021,70-79,Cases,4079,153
13/03/2021,80-89,Cases,2580,66
13/03/2021,90+,Cases,1309,23
13/03/2021,<10,Hospitalizations,48,1
13/03/2021,10-19,Hospitalizations,38,1
13/03/2021,20-29,Hospitalizations,223,8
13/03/2021,30-39,Hospitalizations,418,9
13/03/2021,40-49,Hospitalizations,462,14
13/03/2021,50-59,Hospitalizations,678,27
13/03/2021,60-69,Hospitalizations,865,36
13/03/2021,70-79,Hospitalizations,989,32
13/03/2021,80-89,Hospitalizations,760,23
13/03/2021,90+,Hospitalizations,278,12
13/03/2021,<10,ICU,4,0
13/03/2021,10-19,ICU,3,0
13/03/2021,20-29,ICU,25,0
13/03/2021,30-39,ICU,78,2
13/03/2021,40-49,ICU,94,1
13/03/2021,50-59,ICU,184,5
13/03/2021,60-69,ICU,274,7
13/03/2021,70-79,ICU,292,13
13/03/2021,80-89,ICU,119,9
13/03/2021,90+,ICU,14,0
13/03/2021,<10,Deaths,0,0
13/03/2021,10-19,Deaths,0,0
13/03/2021,20-29,Deaths,0,0
13/03/2021,30-39,Deaths,11,0
13/03/2021,40-49,Deaths,17,1
13/03/2021,50-59,Deaths,44,1
13/03/2021,60-69,Deaths,114,7
13/03/2021,70-79,Deaths,278,5
13/03/2021,80-89,Deaths,521,4
13/03/2021,90+,Deaths,426,2
06/03/2021,<10,Cases,3952,234
06/03/2021,10-19,Cases,8293,432
06/03/2021,20-29,Cases,19323,835
06/03/2021,30-39,Cases,15382,710
06/03/2021,40-49,Cases,12712,563
06/03/2021,50-59,Cases,10969,502
06/03/2021,60-69,Cases,7026,290
06/03/2021,70-79,Cases,3926,143
06/03/2021,80-89,Cases,2514,60
06/03/2021,90+,Cases,1286,16
06/03/2021,<10,Hospitalizations,47,1
06/03/2021,10-19,Hospitalizations,37,2
06/03/2021,20-29,Hospitalizations,215,9
06/03/2021,30-39,Hospitalizations,409,22
06/03/2021,40-49,Hospitalizations,448,16
06/03/2021,50-59,Hospitalizations,651,34
06/03/2021,60-69,Hospitalizations,829,26
06/03/2021,70-79,Hospitalizations,957,47
06/03/2021,80-89,Hospitalizations,737,25
06/03/2021,90+,Hospitalizations,266,9
06/03/2021,<10,ICU,4,0
06/03/2021,10-19,ICU,3,0
06/03/2021,20-29,ICU,25,0
06/03/2021,30-39,ICU,76,3
06/03/2021,40-49,ICU,93,3
06/03/2021,50-59,ICU,179,8
06/03/2021,60-69,ICU,267,10
06/03/2021,70-79,ICU,279,13
06/03/2021,80-89,ICU,110,0
06/03/2021,90+,ICU,14,0
06/03/2021,<10,Deaths,0,0
06/03/2021,10-19,Deaths,0,0
06/03/2021,20-29,Deaths,0,0
06/03/2021,30-39,Deaths,11,1
06/03/2021,40-49,Deaths,16,0
06/03/2021,50-59,Deaths,43,4
06/03/2021,60-69,Deaths,107,3
06/03/2021,70-79,Deaths,273,5
06/03/2021,80-89,Deaths,517,4
06/03/2021,90+,Deaths,424,6
27/02/2021,<10,Cases,3718,227
27/02/2021,10-19,Cases,7861,442
27/02/2021,20-29,Cases,18488,728
27/02/2021,30-39,Cases,14672,646
27/02/2021,40-49,Cases,12149,518
27/02/2021,50-59,Cases,10467,492
27/02/2021,60-69,Cases,6736,291
27/02/2021,70-79,Cases,3783,145
27/02/2021,80-89,Cases,2454,61
27/02/2021,90+,Cases,1270,20
27/02/2021,<10,Hospitalizations,46,3
27/02/2021,10-19,Hospitalizations,35,3
27/02/2021,20-29,Hospitalizations,206,8
27/02/2021,30-39,Hospitalizations,387,17
27/02/2021,40-49,Hospitalizations,432,24
27/02/2021,50-59,Hospitalizations,617,24
27/02/2021,60-69,Hospitalizations,803,31
27/02/2021,70-79,Hospitalizations,910,27
27/02/2021,80-89,Hospitalizations,712,20
27/02/2021,90+,Hospitalizations,257,9
27/02/2021,<10,ICU,4,1
27/02/2021,10-19,ICU,3,0
27/02/2021,20-29,ICU,25,0
27/02/2021,30-39,ICU,73,4
27/02/2021,40-49,ICU,90,4
27/02/2021,50-59,ICU,171,7
27/02/2021,60-69,ICU,257,8
27/02/2021,70-79,ICU,266,4
27/02/2021,80-89,ICU,110,2
27/02/2021,90+,ICU,14,0
27/02/2021,<10,Deaths,0,0
27/02/2021,10-19,Deaths,0,0
27/02/2021,20-29,Deaths,0,0
27/02/2021,30-39,Deaths,10,2
27/02/2021,40-49,Deaths,16,1
27/02/2021,50-59,Deaths,39,1
27/02/2021,60-69,Deaths,104,4
27/02/2021,70-79,Deaths,268,7
27/02/2021,80-89,Deaths,513,7
27/02/2021,90+,Deaths,418,4
20/02/2021,<10,Cases,3491,245
20/02/2021,10-19,Cases,7419,391
20/02/2021,20-29,Cases,17760,740
20/02/2021,30-39,Cases,14026,595
20/02/2021,40-49,Cases,11631,522
20/02/2021,50-59,Cases,9975,467
20/02/2021,60-69,Cases,6445,287
20/02/2021,70-79,Cases,3638,139
20/02/2021,80-89,Cases,2393,46
20/02/2021,90+,Cases,1250,7
20/02/2021,<10,Hospitalizations,43,3
20/02/2021,10-19,Hospitalizations,32,1
20/02/2021,20-29,Hospitalizations,198,11
20/02/2021,30-39,Hospitalizations,370,13
20/02/2021,40-49,Hospitalizations,408,17
20/02/2021,50-59,Hospitalizations,593,24
20/02/2021,60-69,Hospitalizations,772,27
20/02/2021,70-79,Hospitalizations,883,24
20/02/2021,80-89,Hospitalizations,692,23
20/02/2021,90+,Hospitalizations,248,8
20/02/2021,<10,ICU,3,0
20/02/2021,10-19,ICU,3,0
20/02/2021,20-29,ICU,25,3
20/02/2021,30-39,ICU,69,2
20/02/2021,40-49,ICU,86,2
20/02/2021,50-59,ICU,164,3
20/02/2021,60-69,ICU,249,10
20/02/2021,70-79,ICU,262,8
20/02/2021,80-89,ICU,108,2
20/02/2021,90+,ICU,14,0
20/02/2021,<10,Deaths,0,0
20/02/2021,10-19,Deaths,0,0
20/02/2021,20-29,Deaths,0,0
20/02/2021,30-39,Deaths,8,2
20/02/2021,40-49,Deaths,15,2
20/02/2021,50-59,Deaths,38,2
20/02/2021,60-69,Deaths,100,0
20/02/2021,70-79,Deaths,261,3
20/02/2021,80-89,Deaths,506,13
20/02/2021,90+,Deaths,414,4
13/02/2021,<10,Cases,3246,193
13/02/2021,10-19,Cases,7028,356
13/02/2021,20-29,Cases,17020,624
13/02/2021,30-39,Cases,13431,521
13/02/2021,40-49,Cases,11109,466
13/02/2021,50-59,Cases,9508,389
13/02/2021,60-69,Cases,6158,251
13/02/2021,70-79,Cases,3499,142
13/02/2021,80-89,Cases,2347,49
13/02/2021,90+,Cases,1243,18
13/02/2021,<10,Hospitalizations,40,2
13/02/2021,10-19,Hospitalizations,31,1
13/02/2021,20-29,Hospitalizations,187,7
13/02/2021,30-39,Hospitalizations,357,14
13/02/2021,40-49,Hospitalizations,391,17
13/02/2021,50-59,Hospitalizations,569,18
13/02/2021,60-69,Hospitalizations,745,31
13/02/2021,70-79,Hospitalizations,859,25
13/02/2021,80-89,Hospitalizations,669,14
13/02/2021,90+,Hospitalizations,240,6
13/02/2021,<10,ICU,3,1
13/02/2021,10-19,ICU,3,0
13/02/2021,20-29,ICU,22,1
13/02/2021,30-39,ICU,67,-1
13/02/2021,40-49,ICU,84,2
13/02/2021,50-59,ICU,161,7
13/02/2021,60-69,ICU,239,4
13/02/2021,70-79,ICU,254,13
13/02/2021,80-89,ICU,106,4
13/02/2021,90+,ICU,14,0
13/02/2021,<10,Deaths,0,0
13/02/2021,10-19,Deaths,0,0
13/02/2021,20-29,Deaths,0,0
13/02/2021,30-39,Deaths,6,2
13/02/2021,40-49,Deaths,13,0
13/02/2021,50-59,Deaths,36,5
13/02/2021,60-69,Deaths,100,4
13/02/2021,70-79,Deaths,258,14
13/02/2021,80-89,Deaths,493,8
13/02/2021,90+,Deaths,410,11
06/02/2021,<10,Cases,3053,170
06/02/2021,10-19,Cases,6672,362
06/02/2021,20-29,Cases,16396,652
06/02/2021,30-39,Cases,12910,563
06/02/2021,40-49,Cases,10643,443
06/02/2021,50-59,Cases,9119,389
06/02/2021,60-69,Cases,5907,239
06/02/2021,70-79,Cases,3357,115
06/02/2021,80-89,Cases,2298,59
06/02/2021,90+,Cases,1225,16
06/02/2021,<10,Hospitalizations,38,1
06/02/2021,10-19,Hospitalizations,30,0
06/02/2021,20-29,Hospitalizations,180,11
06/02/2021,30-39,Hospitalizations,343,9
06/02/2021,40-49,Hospitalizations,374,19
06/02/2021,50-59,Hospitalizations,551,21
06/02/2021,60-69,Hospitalizations,714,31
06/02/2021,70-79,Hospitalizations,834,41
06/02/2021,80-89,Hospitalizations,655,26
06/02/2021,90+,Hospitalizations,234,5
06/02/2021,<10,ICU,2,0
06/02/2021,10-19,ICU,3,0
06/02/2021,20-29,ICU,21,1
06/02/2021,30-39,ICU,68,1
06/02/2021,40-49,ICU,82,4
06/02/2021,50-59,ICU,154,-2
06/02/2021,60-69,ICU,235,6
06/02/2021,70-79,ICU,241,11
06/02/2021,80-89,ICU,102,5
06/02/2021,90+,ICU,14,0
06/02/2021,<10,Deaths,0,0
06/02/2021,10-19,Deaths,0,0
06/02/2021,20-29,Deaths,0,0
06/02/2021,30-39,Deaths,4,0
06/02/2021,40-49,Deaths,13,0
06/02/2021,50-59,Deaths,31,1
06/02/2021,60-69,Deaths,96,8
06/02/2021,70-79,Deaths,244,12
06/02/2021,80-89,Deaths,485,20
06/02/2021,90+,Deaths,399,13
30/01/2021,<10,Cases,2883,147
30/01/2021,10-19,Cases,6310,294
30/01/2021,20-29,Cases,15744,771
30/01/2021,30-39,Cases,12347,557
30/01/2021,40-49,Cases,10200,472
30/01/2021,50-59,Cases,8730,378
30/01/2021,60-69,Cases,5668,229
30/01/2021,70-79,Cases,3242,143
30/01/2021,80-89,Cases,2239,64
30/01/2021,90+,Cases,1209,28
30/01/2021,<10,Hospitalizations,37,-1
30/01/2021,10-19,Hospitalizations,30,0
30/01/2021,20-29,Hospitalizations,169,7
30/01/2021,30-39,Hospitalizations,334,10
30/01/2021,40-49,Hospitalizations,355,18
30/01/2021,50-59,Hospitalizations,530,24
30/01/2021,60-69,Hospitalizations,683,34
30/01/2021,70-79,Hospitalizations,793,38
30/01/2021,80-89,Hospitalizations,629,23
30/01/2021,90+,Hospitalizations,229,10
30/01/2021,<10,ICU,2,0
30/01/2021,10-19,ICU,3,0
30/01/2021,20-29,ICU,20,-2
30/01/2021,30-39,ICU,67,-1
30/01/2021,40-49,ICU,78,3
30/01/2021,50-59,ICU,156,12
30/01/2021,60-69,ICU,229,8
30/01/2021,70-79,ICU,230,10
30/01/2021,80-89,ICU,97,2
30/01/2021,90+,ICU,14,0
30/01/2021,<10,Deaths,0,0
30/01/2021,10-19,Deaths,0,0
30/01/2021,20-29,Deaths,0,0
30/01/2021,30-39,Deaths,4,0
30/01/2021,40-49,Deaths,13,2
30/01/2021,50-59,Deaths,30,5
30/01/2021,60-69,Deaths,88,8
30/01/2021,70-79,Deaths,232,13
30/01/2021,80-89,Deaths,465,24
30/01/2021,90+,Deaths,386,17
23/01/2021,<10,Cases,2736,154
23/01/2021,10-19,Cases,6016,310
23/01/2021,20-29,Cases,14973,928
23/01/2021,30-39,Cases,11790,659
23/01/2021,40-49,Cases,9728,555
23/01/2021,50-59,Cases,8352,465
23/01/2021,60-69,Cases,5439,293
23/01/2021,70-79,Cases,3099,171
23/01/2021,80-89,Cases,2175,77
23/01/2021,90+,Cases,1181,33
23/01/2021,<10,Hospitalizations,38,2
23/01/2021,10-19,Hospitalizations,30,0
23/01/2021,20-29,Hospitalizations,162,12
23/01/2021,30-39,Hospitalizations,324,17
23/01/2021,40-49,Hospitalizations,337,15
23/01/2021,50-59,Hospitalizations,506,28
23/01/2021,60-69,Hospitalizations,649,31
23/01/2021,70-79,Hospitalizations,755,37
23/01/2021,80-89,Hospitalizations,606,19
23/01/2021,90+,Hospitalizations,219,1
23/01/2021,<10,ICU,2,0
23/01/2021,10-19,ICU,3,1
23/01/2021,20-29,ICU,22,2
23/01/2021,30-39,ICU,68,6
23/01/2021,40-49,ICU,75,7
23/01/2021,50-59,ICU,144,8
23/01/2021,60-69,ICU,221,13
23/01/2021,70-79,ICU,220,11
23/01/2021,80-89,ICU,95,3
23/01/2021,90+,ICU,14,0
23/01/2021,<10,Deaths,0,0
23/01/2021,10-19,Deaths,0,0
23/01/2021,20-29,Deaths,0,0
23/01/2021,30-39,Deaths,4,0
23/01/2021,40-49,Deaths,11,2
23/01/2021,50-59,Deaths,25,1
23/01/2021,60-69,Deaths,80,5
23/01/2021,70-79,Deaths,219,13
23/01/2021,80-89,Deaths,441,27
23/01/2021,90+,Deaths,369,26
16/01/2021,<10,Cases,2582,158
16/01/2021,10-19,Cases,5706,332
16/01/2021,20-29,Cases,14045,766
16/01/2021,30-39,Cases,11131,553
16/01/2021,40-49,Cases,9173,456
16/01/2021,50-59,Cases,7887,409
16/01/2021,60-69,Cases,5146,247
16/01/2021,70-79,Cases,2928,126
16/01/2021,80-89,Cases,2098,94
16/01/2021,90+,Cases,1148,48
16/01/2021,<10,Hospitalizations,36,0
16/01/2021,10-19,Hospitalizations,30,-1
16/01/2021,20-29,Hospitalizations,150,8
16/01/2021,30-39,Hospitalizations,307,22
16/01/2021,40-49,Hospitalizations,322,18
16/01/2021,50-59,Hospitalizations,478,29
16/01/2021,60-69,Hospitalizations,618,45
16/01/2021,70-79,Hospitalizations,718,33
16/01/2021,80-89,Hospitalizations,587,38
16/01/2021,90+,Hospitalizations,218,11
16/01/2021,<10,ICU,2,0
16/01/2021,10-19,ICU,2,-1
16/01/2021,20-29,ICU,20,-1
16/01/2021,30-39,ICU,62,0
16/01/2021,40-49,ICU,68,2
16/01/2021,50-59,ICU,136,6
16/01/2021,60-69,ICU,208,14
16/01/2021,70-79,ICU,209,9
16/01/2021,80-89,ICU,92,7
16/01/2021,90+,ICU,14,1
16/01/2021,<10,Deaths,0,0
16/01/2021,10-19,Deaths,0,0
16/01/2021,20-29,Deaths,0,0
16/01/2021,30-39,Deaths,4,0
16/01/2021,40-49,Deaths,9,0
16/01/2021,50-59,Deaths,24,0
16/01/2021,60-69,Deaths,75,6
16/01/2021,70-79,Deaths,206,18
16/01/2021,80-89,Deaths,414,23
16/01/2021,90+,Deaths,343,16
09/01/2021,<10,Cases,2424,
09/01/2021,10-19,Cases,5374,
09/01/2021,20-29,Cases,13279,
09/01/2021,30-39,Cases,10578,
09/01/2021,40-49,Cases,8717,
09/01/2021,50-59,Cases,7478,
09/01/2021,60-69,Cases,4899,
09/01/2021,70-79,Cases,2802,
09/01/2021,80-89,Cases,2004,
09/01/2021,90+,Cases,1100,
09/01/2021,<10,Hospitalizations,36,
09/01/2021,10-19,Hospitalizations,31,
09/01/2021,20-29,Hospitalizations,142,
09/01/2021,30-39,Hospitalizations,285,
09/01/2021,40-49,Hospitalizations,304,
09/01/2021,50-59,Hospitalizations,449,
09/01/2021,60-69,Hospitalizations,573,
09/01/2021,70-79,Hospitalizations,685,
09/01/2021,80-89,Hospitalizations,549,
09/01/2021,90+,Hospitalizations,207,
09/01/2021,<10,ICU,2,
09/01/2021,10-19,ICU,3,
09/01/2021,20-29,ICU,21,
09/01/2021,30-39,ICU,62,
09/01/2021,40-49,ICU,66,
09/01/2021,50-59,ICU,130,
09/01/2021,60-69,ICU,194,
09/01/2021,70-79,ICU,200,
09/01/2021,80-89,ICU,85,
09/01/2021,90+,ICU,13,
09/01/2021,<10,Deaths,0,
09/01/2021,10-19,Deaths,0,
09/01/2021,20-29,Deaths,0,
09/01/2021,30-39,Deaths,4,
09/01/2021,40-49,Deaths,9,
09/01/2021,50-59,Deaths,24,
09/01/2021,60-69,Deaths,69,
09/01/2021,70-79,Deaths,188,
09/01/2021,80-89,Deaths,391,
09/01/2021,90+,Deaths,327,
12/12/2020,<10,Cases,1736,197
12/12/2020,10-19,Cases,3944,498
12/12/2020,20-29,Cases,9914,1045
12/12/2020,30-39,Cases,7986,769
12/12/2020,40-49,Cases,6506,710
12/12/2020,50-59,Cases,5685,623
12/12/2020,60-69,Cases,3539,415
12/12/2020,70-79,Cases,2067,246
12/12/2020,80-89,Cases,1418,174
12/12/2020,90+,Cases,763,95
12/12/2020,<10,Hospitalizations,21,1
12/12/2020,10-19,Hospitalizations,20,5
12/12/2020,20-29,Hospitalizations,103,13
12/12/2020,30-39,Hospitalizations,197,28
12/12/2020,40-49,Hospitalizations,215,22
12/12/2020,50-59,Hospitalizations,340,23
12/12/2020,60-69,Hospitalizations,402,50
12/12/2020,70-79,Hospitalizations,491,50
12/12/2020,80-89,Hospitalizations,385,38
12/12/2020,90+,Hospitalizations,132,11
12/12/2020,<10,ICU,0,0
12/12/2020,10-19,ICU,0,0
12/12/2020,20-29,ICU,13,2
12/12/2020,30-39,ICU,37,2
12/12/2020,40-49,ICU,53,2
12/12/2020,50-59,ICU,102,6
12/12/2020,60-69,ICU,141,18
12/12/2020,70-79,ICU,153,11
12/12/2020,80-89,ICU,59,5
12/12/2020,90+,ICU,7,-1
12/12/2020,<10,Deaths,0,0
12/12/2020,10-19,Deaths,0,0
12/12/2020,20-29,Deaths,0,0
12/12/2020,30-39,Deaths,1,0
12/12/2020,40-49,Deaths,8,2
12/12/2020,50-59,Deaths,17,2
12/12/2020,60-69,Deaths,46,5
12/12/2020,70-79,Deaths,124,25
12/12/2020,80-89,Deaths,262,43
12/12/2020,90+,Deaths,220,42
05/12/2020,<10,Cases,1539,189
05/12/2020,10-19,Cases,3446,482
05/12/2020,20-29,Cases,8869,954
05/12/2020,30-39,Cases,7217,756
05/12/2020,40-49,Cases,5796,700
05/12/2020,50-59,Cases,5062,613
05/12/2020,60-69,Cases,3124,421
05/12/2020,70-79,Cases,1821,238
05/12/2020,80-89,Cases,1244,200
05/12/2020,90+,Cases,668,110
05/12/2020,<10,Hospitalizations,20,2
05/12/2020,10-19,Hospitalizations,15,2
05/12/2020,20-29,Hospitalizations,90,16
05/12/2020,30-39,Hospitalizations,169,21
05/12/2020,40-49,Hospitalizations,193,20
05/12/2020,50-59,Hospitalizations,317,24
05/12/2020,60-69,Hospitalizations,352,45
05/12/2020,70-79,Hospitalizations,441,48
05/12/2020,80-89,Hospitalizations,347,57
05/12/2020,90+,Hospitalizations,121,14
05/12/2020,<10,ICU,0,0
05/12/2020,10-19,ICU,0,0
05/12/2020,20-29,ICU,11,2
05/12/2020,30-39,ICU,35,5
05/12/2020,40-49,ICU,51,7
05/12/2020,50-59,ICU,96,8
05/12/2020,60-69,ICU,123,13
05/12/2020,70-79,ICU,142,9
05/12/2020,80-89,ICU,54,7
05/12/2020,90+,ICU,8,1
05/12/2020,<10,Deaths,0,0
05/12/2020,10-19,Deaths,0,0
05/12/2020,20-29,Deaths,0,0
05/12/2020,30-39,Deaths,1,0
05/12/2020,40-49,Deaths,6,2
05/12/2020,50-59,Deaths,15,0
05/12/2020,60-69,Deaths,41,4
05/12/2020,70-79,Deaths,99,22
05/12/2020,80-89,Deaths,219,47
05/12/2020,90+,Deaths,178,49
28/11/2020,<10,Cases,1350,240
28/11/2020,10-19,Cases,2964,546
28/11/2020,20-29,Cases,7915,1207
28/11/2020,30-39,Cases,6461,956
28/11/2020,40-49,Cases,5096,812
28/11/2020,50-59,Cases,4449,708
28/11/2020,60-69,Cases,2703,438
28/11/2020,70-79,Cases,1583,268
28/11/2020,80-89,Cases,1044,167
28/11/2020,90+,Cases,558,114
28/11/2020,<10,Hospitalizations,18,0
28/11/2020,10-19,Hospitalizations,13,2
28/11/2020,20-29,Hospitalizations,74,12
28/11/2020,30-39,Hospitalizations,148,23
28/11/2020,40-49,Hospitalizations,173,25
28/11/2020,50-59,Hospitalizations,293,44
28/11/2020,60-69,Hospitalizations,307,40
28/11/2020,70-79,Hospitalizations,393,57
28/11/2020,80-89,Hospitalizations,290,43
28/11/2020,90+,Hospitalizations,107,16
28/11/2020,<10,ICU,0,0
28/11/2020,10-19,ICU,0,0
28/11/2020,20-29,ICU,9,0
28/11/2020,30-39,ICU,30,4
28/11/2020,40-49,ICU,44,4
28/11/2020,50-59,ICU,88,11
28/11/2020,60-69,ICU,110,11
28/11/2020,70-79,ICU,133,18
28/11/2020,80-89,ICU,47,3
28/11/2020,90+,ICU,7,0
28/11/2020,<10,Deaths,0,0
28/11/2020,10-19,Deaths,0,0
28/11/2020,20-29,Deaths,0,0
28/11/2020,30-39,Deaths,1,0
28/11/2020,40-49,Deaths,4,0
28/11/2020,50-59,Deaths,15,1
28/11/2020,60-69,Deaths,37,2
28/11/2020,70-79,Deaths,77,18
28/11/2020,80-89,Deaths,172,32
28/11/2020,90+,Deaths,129,28
21/11/2020,<10,Cases,1110,184
21/11/2020,10-19,Cases,2418,471
21/11/2020,20-29,Cases,6708,1118
21/11/2020,30-39,Cases,5505,899
21/11/2020,40-49,Cases,4284,743
21/11/2020,50-59,Cases,3741,689
21/11/2020,60-69,Cases,2265,412
21/11/2020,70-79,Cases,1315,236
21/11/2020,80-89,Cases,877,202
21/11/2020,90+,Cases,444,99
21/11/2020,<10,Hospitalizations,18,5
21/11/2020,10-19,Hospitalizations,11,0
21/11/2020,20-29,Hospitalizations,62,7
21/11/2020,30-39,Hospitalizations,125,13
21/11/2020,40-49,Hospitalizations,148,24
21/11/2020,50-59,Hospitalizations,249,35
21/11/2020,60-69,Hospitalizations,267,33
21/11/2020,70-79,Hospitalizations,336,54
21/11/2020,80-89,Hospitalizations,247,62
21/11/2020,90+,Hospitalizations,91,18
21/11/2020,<10,ICU,0,0
21/11/2020,10-19,ICU,0,0
21/11/2020,20-29,ICU,9,0
21/11/2020,30-39,ICU,26,1
21/11/2020,40-49,ICU,40,6
21/11/2020,50-59,ICU,77,5
21/11/2020,60-69,ICU,99,6
21/11/2020,70-79,ICU,115,9
21/11/2020,80-89,ICU,44,9
21/11/2020,90+,ICU,7,0
21/11/2020,<10,Deaths,0,0
21/11/2020,10-19,Deaths,0,0
21/11/2020,20-29,Deaths,0,0
21/11/2020,30-39,Deaths,1,0
21/11/2020,40-49,Deaths,4,0
21/11/2020,50-59,Deaths,14,3
21/11/2020,60-69,Deaths,35,4
21/11/2020,70-79,Deaths,59,7
21/11/2020,80-89,Deaths,140,19
21/11/2020,90+,Deaths,101,19
14/11/2020,<10,Cases,926,194
14/11/2020,10-19,Cases,1947,476
14/11/2020,20-29,Cases,5590,1111
14/11/2020,30-39,Cases,4606,887
14/11/2020,40-49,Cases,3541,688
14/11/2020,50-59,Cases,3052,648
14/11/2020,60-69,Cases,1853,368
14/11/2020,70-79,Cases,1079,221
14/11/2020,80-89,Cases,675,142
14/11/2020,90+,Cases,345,80
14/11/2020,<10,Hospitalizations,13,2
14/11/2020,10-19,Hospitalizations,11,2
14/11/2020,20-29,Hospitalizations,55,8
14/11/2020,30-39,Hospitalizations,112,13
14/11/2020,40-49,Hospitalizations,124,11
14/11/2020,50-59,Hospitalizations,214,21
14/11/2020,60-69,Hospitalizations,234,37
14/11/2020,70-79,Hospitalizations,282,38
14/11/2020,80-89,Hospitalizations,185,22
14/11/2020,90+,Hospitalizations,73,10
14/11/2020,<10,ICU,0,0
14/11/2020,10-19,ICU,0,0
14/11/2020,20-29,ICU,9,0
14/11/2020,30-39,ICU,25,1
14/11/2020,40-49,ICU,34,2
14/11/2020,50-59,ICU,72,3
14/11/2020,60-69,ICU,93,14
14/11/2020,70-79,ICU,106,14
14/11/2020,80-89,ICU,35,6
14/11/2020,90+,ICU,7,2
14/11/2020,<10,Deaths,0,0
14/11/2020,10-19,Deaths,0,0
14/11/2020,20-29,Deaths,0,0
14/11/2020,30-39,Deaths,1,1
14/11/2020,40-49,Deaths,4,0
14/11/2020,50-59,Deaths,11,2
14/11/2020,60-69,Deaths,31,2
14/11/2020,70-79,Deaths,52,3
14/11/2020,80-89,Deaths,121,9
14/11/2020,90+,Deaths,82,6
07/11/2020,<10,Cases,732,127
07/11/2020,10-19,Cases,1471,283
07/11/2020,20-29,Cases,4479,818
07/11/2020,30-39,Cases,3719,642
07/11/2020,40-49,Cases,2853,502
07/11/2020,50-59,Cases,2404,342
07/11/2020,60-69,Cases,1485,258
07/11/2020,70-79,Cases,858,137
07/11/2020,80-89,Cases,533,77
07/11/2020,90+,Cases,265,36
07/11/2020,<10,Hospitalizations,11,0
07/11/2020,10-19,Hospitalizations,9,2
07/11/2020,20-29,Hospitalizations,47,9
07/11/2020,30-39,Hospitalizations,99,12
07/11/2020,40-49,Hospitalizations,113,10
07/11/2020,50-59,Hospitalizations,193,25
07/11/2020,60-69,Hospitalizations,197,12
07/11/2020,70-79,Hospitalizations,244,22
07/11/2020,80-89,Hospitalizations,163,24
07/11/2020,90+,Hospitalizations,63,5
07/11/2020,<10,ICU,0,0
07/11/2020,10-19,ICU,0,0
07/11/2020,20-29,ICU,9,1
07/11/2020,30-39,ICU,24,6
07/11/2020,40-49,ICU,32,3
07/11/2020,50-59,ICU,69,9
07/11/2020,60-69,ICU,79,7
07/11/2020,70-79,ICU,92,8
07/11/2020,80-89,ICU,29,4
07/11/2020,90+,ICU,5,0
07/11/2020,<10,Deaths,0,0
07/11/2020,10-19,Deaths,0,0
07/11/2020,20-29,Deaths,0,0
07/11/2020,30-39,Deaths,0,0
07/11/2020,40-49,Deaths,4,0
07/11/2020,50-59,Deaths,9,2
07/11/2020,60-69,Deaths,29,0
07/11/2020,70-79,Deaths,49,3
07/11/2020,80-89,Deaths,112,7
07/11/2020,90+,Deaths,76,1
31/10/2020,<10,Cases,605,89
31/10/2020,10-19,Cases,1188,228
31/10/2020,20-29,Cases,3661,540
31/10/2020,30-39,Cases,3077,376
31/10/2020,40-49,Cases,2351,333
31/10/2020,50-59,Cases,2062,270
31/10/2020,60-69,Cases,1227,165
31/10/2020,70-79,Cases,721,80
31/10/2020,80-89,Cases,456,48
31/10/2020,90+,Cases,229,21
31/10/2020,<10,Hospitalizations,11,0
31/10/2020,10-19,Hospitalizations,7,1
31/10/2020,20-29,Hospitalizations,38,5
31/10/2020,30-39,Hospitalizations,87,10
31/10/2020,40-49,Hospitalizations,103,10
31/10/2020,50-59,Hospitalizations,168,16
31/10/2020,60-69,Hospitalizations,185,6
31/10/2020,70-79,Hospitalizations,222,9
31/10/2020,80-89,Hospitalizations,139,9
31/10/2020,90+,Hospitalizations,58,5
31/10/2020,<10,ICU,0,0
31/10/2020,10-19,ICU,0,0
31/10/2020,20-29,ICU,8,0
31/10/2020,30-39,ICU,18,0
31/10/2020,40-49,ICU,29,1
31/10/2020,50-59,ICU,60,3
31/10/2020,60-69,ICU,72,-1
31/10/2020,70-79,ICU,84,3
31/10/2020,80-89,ICU,25,0
31/10/2020,90+,ICU,5,0
31/10/2020,<10,Deaths,0,0
31/10/2020,10-19,Deaths,0,0
31/10/2020,20-29,Deaths,0,0
31/10/2020,30-39,Deaths,0,0
31/10/2020,40-49,Deaths,4,0
31/10/2020,50-59,Deaths,7,0
31/10/2020,60-69,Deaths,29,2
31/10/2020,70-79,Deaths,46,3
31/10/2020,80-89,Deaths,105,3
31/10/2020,90+,Deaths,75,0
24/10/2020,<10,Cases,516,72
24/10/2020,10-19,Cases,960,171
24/10/2020,20-29,Cases,3121,387
24/10/2020,30-39,Cases,2701,300
24/10/2020,40-49,Cases,2018,247
24/10/2020,50-59,Cases,1792,222
24/10/2020,60-69,Cases,1062,102
24/10/2020,70-79,Cases,641,49
24/10/2020,80-89,Cases,408,23
24/10/2020,90+,Cases,208,4
24/10/2020,<10,Hospitalizations,11,2
24/10/2020,10-19,Hospitalizations,6,1
24/10/2020,20-29,Hospitalizations,33,1
24/10/2020,30-39,Hospitalizations,77,4
24/10/2020,40-49,Hospitalizations,93,11
24/10/2020,50-59,Hospitalizations,152,12
24/10/2020,60-69,Hospitalizations,179,8
24/10/2020,70-79,Hospitalizations,213,13
24/10/2020,80-89,Hospitalizations,130,2
24/10/2020,90+,Hospitalizations,53,0
24/10/2020,<10,ICU,0,0
24/10/2020,10-19,ICU,0,0
24/10/2020,20-29,ICU,8,0
24/10/2020,30-39,ICU,18,0
24/10/2020,40-49,ICU,28,1
24/10/2020,50-59,ICU,57,5
24/10/2020,60-69,ICU,73,5
24/10/2020,70-79,ICU,81,2
24/10/2020,80-89,ICU,25,0
24/10/2020,90+,ICU,5,0
24/10/2020,<10,Deaths,0,0
24/10/2020,10-19,Deaths,0,0
24/10/2020,20-29,Deaths,0,0
24/10/2020,30-39,Deaths,0,0
24/10/2020,40-49,Deaths,4,0
24/10/2020,50-59,Deaths,7,0
24/10/2020,60-69,Deaths,27,0
24/10/2020,70-79,Deaths,43,1
24/10/2020,80-89,Deaths,102,1
24/10/2020,90+,Deaths,75,3
17/10/2020,<10,Cases,444,
17/10/2020,10-19,Cases,789,
17/10/2020,20-29,Cases,2734,
17/10/2020,30-39,Cases,2401,
17/10/2020,40-49,Cases,1771,
17/10/2020,50-59,Cases,1570,
17/10/2020,60-69,Cases,960,
17/10/2020,70-79,Cases,592,
17/10/2020,80-89,Cases,385,
17/10/2020,90+,Cases,204,
17/10/2020,<10,Hospitalizations,9,
17/10/2020,10-19,Hospitalizations,5,
17/10/2020,20-29,Hospitalizations,32,
17/10/2020,30-39,Hospitalizations,73,
17/10/2020,40-49,Hospitalizations,82,
17/10/2020,50-59,Hospitalizations,140,
17/10/2020,60-69,Hospitalizations,171,
17/10/2020,70-79,Hospitalizations,200,
17/10/2020,80-89,Hospitalizations,128,
17/10/2020,90+,Hospitalizations,53,
17/10/2020,<10,ICU,0,
17/10/2020,10-19,ICU,0,
17/10/2020,20-29,ICU,8,
17/10/2020,30-39,ICU,18,
17/10/2020,40-49,ICU,27,
17/10/2020,50-59,ICU,52,
17/10/2020,60-69,ICU,68,
17/10/2020,70-79,ICU,79,
17/10/2020,80-89,ICU,25,
17/10/2020,90+,ICU,5,
17/10/2020,<10,Deaths,0,
17/10/2020,10-19,Deaths,0,
17/10/2020,20-29,Deaths,0,
17/10/2020,30-39,Deaths,0,
17/10/2020,40-49,Deaths,4,
17/10/2020,50-59,Deaths,7,
17/10/2020,60-69,Deaths,27,
17/10/2020,70-79,Deaths,42,
17/10/2020,80-89,Deaths,101,
17/10/2020,90+,Deaths,72,
15/10/2020,<10,Cases,400,49
15/10/2020,10-19,Cases,689,88
15/10/2020,20-29,Cases,2534,223
15/10/2020,30-39,Cases,2255,192
15/10/2020,40-49,Cases,1622,155
15/10/2020,50-59,Cases,1450,129
15/10/2020,60-69,Cases,908,84
15/10/2020,70-79,Cases,559,41
15/10/2020,80-89,Cases,376,12
15/10/2020,90+,Cases,202,5
15/10/2020,<10,Hospitalizations,9,2
15/10/2020,10-19,Hospitalizations,4,1
15/10/2020,20-29,Hospitalizations,31,2
15/10/2020,30-39,Hospitalizations,73,5
15/10/2020,40-49,Hospitalizations,79,4
15/10/2020,50-59,Hospitalizations,132,11
15/10/2020,60-69,Hospitalizations,167,7
15/10/2020,70-79,Hospitalizations,199,12
15/10/2020,80-89,Hospitalizations,129,4
15/10/2020,90+,Hospitalizations,53,1
15/10/2020,<10,ICU,0,0
15/10/2020,10-19,ICU,0,0
15/10/2020,20-29,ICU,8,0
15/10/2020,30-39,ICU,18,1
15/10/2020,40-49,ICU,27,0
15/10/2020,50-59,ICU,51,4
15/10/2020,60-69,ICU,68,6
15/10/2020,70-79,ICU,78,4
15/10/2020,80-89,ICU,25,3
15/10/2020,90+,ICU,5,0
15/10/2020,<10,Deaths,0,0
15/10/2020,10-19,Deaths,0,0
15/10/2020,20-29,Deaths,0,0
15/10/2020,30-39,Deaths,0,0
15/10/2020,40-49,Deaths,4,0
15/10/2020,50-59,Deaths,7,1
15/10/2020,60-69,Deaths,26,2
15/10/2020,70-79,Deaths,42,0
15/10/2020,80-89,Deaths,100,1
15/10/2020,90+,Deaths,71,1
08/10/2020,<10,Cases,351,48
08/10/2020,10-19,Cases,601,68
08/10/2020,20-29,Cases,2311,185
08/10/2020,30-39,Cases,2063,171
08/10/2020,40-49,Cases,1467,142
08/10/2020,50-59,Cases,1321,132
08/10/2020,60-69,Cases,824,63
08/10/2020,70-79,Cases,518,37
08/10/2020,80-89,Cases,364,18
08/10/2020,90+,Cases,197,4
08/10/2020,<10,Hospitalizations,7,2
08/10/2020,10-19,Hospitalizations,3,1
08/10/2020,20-29,Hospitalizations,29,5
08/10/2020,30-39,Hospitalizations,68,4
08/10/2020,40-49,Hospitalizations,75,5
08/10/2020,50-59,Hospitalizations,121,9
08/10/2020,60-69,Hospitalizations,160,10
08/10/2020,70-79,Hospitalizations,187,7
08/10/2020,80-89,Hospitalizations,125,5
08/10/2020,90+,Hospitalizations,52,2
08/10/2020,<10,ICU,0,0
08/10/2020,10-19,ICU,0,0
08/10/2020,20-29,ICU,8,1
08/10/2020,30-39,ICU,17,1
08/10/2020,40-49,ICU,27,1
08/10/2020,50-59,ICU,47,2
08/10/2020,60-69,ICU,62,3
08/10/2020,70-79,ICU,74,0
08/10/2020,80-89,ICU,22,2
08/10/2020,90+,ICU,5,0
08/10/2020,<10,Deaths,0,0
08/10/2020,10-19,Deaths,0,0
08/10/2020,20-29,Deaths,0,0
08/10/2020,30-39,Deaths,0,0
08/10/2020,40-49,Deaths,4,0
08/10/2020,50-59,Deaths,6,0
08/10/2020,60-69,Deaths,24,2
08/10/2020,70-79,Deaths,42,1
08/10/2020,80-89,Deaths,99,4
08/10/2020,90+,Deaths,70,3
01/10/2020,<10,Cases,303,32
01/10/2020,10-19,Cases,533,65
01/10/2020,20-29,Cases,2126,135
01/10/2020,30-39,Cases,1892,124
01/10/2020,40-49,Cases,1325,99
01/10/2020,50-59,Cases,1189,99
01/10/2020,60-69,Cases,761,67
01/10/2020,70-79,Cases,481,31
01/10/2020,80-89,Cases,346,19
01/10/2020,90+,Cases,193,9
01/10/2020,<10,Hospitalizations,5,1
01/10/2020,10-19,Hospitalizations,2,0
01/10/2020,20-29,Hospitalizations,24,2
01/10/2020,30-39,Hospitalizations,64,10
01/10/2020,40-49,Hospitalizations,70,3
01/10/2020,50-59,Hospitalizations,112,9
01/10/2020,60-69,Hospitalizations,150,6
01/10/2020,70-79,Hospitalizations,180,9
01/10/2020,80-89,Hospitalizations,120,9
01/10/2020,90+,Hospitalizations,50,3
01/10/2020,<10,ICU,0,0
01/10/2020,10-19,ICU,0,0
01/10/2020,20-29,ICU,7,0
01/10/2020,30-39,ICU,16,0
01/10/2020,40-49,ICU,26,0
01/10/2020,50-59,ICU,45,3
01/10/2020,60-69,ICU,59,1
01/10/2020,70-79,ICU,74,2
01/10/2020,80-89,ICU,20,1
01/10/2020,90+,ICU,5,1
01/10/2020,<10,Deaths,0,0
01/10/2020,10-19,Deaths,0,0
01/10/2020,20-29,Deaths,0,0
01/10/2020,30-39,Deaths,0,0
01/10/2020,40-49,Deaths,4,0
01/10/2020,50-59,Deaths,6,0
01/10/2020,60-69,Deaths,22,1
01/10/2020,70-79,Deaths,41,0
01/10/2020,80-89,Deaths,95,3
01/10/2020,90+,Deaths,67,2
24/09/2020,<10,Cases,271,64
24/09/2020,10-19,Cases,468,70
24/09/2020,20-29,Cases,1991,247
24/09/2020,30-39,Cases,1768,217
24/09/2020,40-49,Cases,1226,154
24/09/2020,50-59,Cases,1090,95
24/09/2020,60-69,Cases,694,61
24/09/2020,70-79,Cases,450,38
24/09/2020,80-89,Cases,327,19
24/09/2020,90+,Cases,184,7
24/09/2020,<10,Hospitalizations,4,1
24/09/2020,10-19,Hospitalizations,2,0
24/09/2020,20-29,Hospitalizations,22,0
24/09/2020,30-39,Hospitalizations,54,5
24/09/2020,40-49,Hospitalizations,67,9
24/09/2020,50-59,Hospitalizations,103,2
24/09/2020,60-69,Hospitalizations,144,7
24/09/2020,70-79,Hospitalizations,171,8
24/09/2020,80-89,Hospitalizations,111,8
24/09/2020,90+,Hospitalizations,47,5
24/09/2020,<10,ICU,0,0
24/09/2020,10-19,ICU,0,0
24/09/2020,20-29,ICU,7,0
24/09/2020,30-39,ICU,16,1
24/09/2020,40-49,ICU,26,4
24/09/2020,50-59,ICU,42,2
24/09/2020,60-69,ICU,58,1
24/09/2020,70-79,ICU,72,2
24/09/2020,80-89,ICU,19,0
24/09/2020,90+,ICU,4,0
24/09/2020,<10,Deaths,0,0
24/09/2020,10-19,Deaths,0,0
24/09/2020,20-29,Deaths,0,0
24/09/2020,30-39,Deaths,0,0
24/09/2020,40-49,Deaths,4,1
24/09/2020,50-59,Deaths,6,1
24/09/2020,60-69,Deaths,21,1
24/09/2020,70-79,Deaths,41,2
24/09/2020,80-89,Deaths,92,2
24/09/2020,90+,Deaths,65,3
17/09/2020,<10,Cases,207,29
17/09/2020,10-19,Cases,398,44
17/09/2020,20-29,Cases,1744,206
17/09/2020,30-39,Cases,1551,166
17/09/2020,40-49,Cases,1072,113
17/09/2020,50-59,Cases,995,96
17/09/2020,60-69,Cases,633,67
17/09/2020,70-79,Cases,412,32
17/09/2020,80-89,Cases,308,13
17/09/2020,90+,Cases,177,7
17/09/2020,<10,Hospitalizations,3,0
17/09/2020,10-19,Hospitalizations,2,0
17/09/2020,20-29,Hospitalizations,22,1
17/09/2020,30-39,Hospitalizations,49,4
17/09/2020,40-49,Hospitalizations,58,4
17/09/2020,50-59,Hospitalizations,101,10
17/09/2020,60-69,Hospitalizations,137,9
17/09/2020,70-79,Hospitalizations,163,12
17/09/2020,80-89,Hospitalizations,103,6
17/09/2020,90+,Hospitalizations,42,1
17/09/2020,<10,ICU,0,0
17/09/2020,10-19,ICU,0,0
17/09/2020,20-29,ICU,7,0
17/09/2020,30-39,ICU,15,2
17/09/2020,40-49,ICU,22,2
17/09/2020,50-59,ICU,40,4
17/09/2020,60-69,ICU,57,5
17/09/2020,70-79,ICU,70,2
17/09/2020,80-89,ICU,19,1
17/09/2020,90+,ICU,4,0
17/09/2020,<10,Deaths,0,0
17/09/2020,10-19,Deaths,0,0
17/09/2020,20-29,Deaths,0,0
17/09/2020,30-39,Deaths,0,0
17/09/2020,40-49,Deaths,3,0
17/09/2020,50-59,Deaths,5,0
17/09/2020,60-69,Deaths,20,0
17/09/2020,70-79,Deaths,39,1
17/09/2020,80-89,Deaths,90,3
17/09/2020,90+,Deaths,62,2
10/09/2020,<10,Cases,178,21
10/09/2020,10-19,Cases,354,48
10/09/2020,20-29,Cases,1538,206
10/09/2020,30-39,Cases,1385,194
10/09/2020,40-49,Cases,959,126
10/09/2020,50-59,Cases,899,66
10/09/2020,60-69,Cases,566,40
10/09/2020,70-79,Cases,380,29
10/09/2020,80-89,Cases,295,9
10/09/2020,90+,Cases,170,5
10/09/2020,<10,Hospitalizations,3,0
10/09/2020,10-19,Hospitalizations,2,0
10/09/2020,20-29,Hospitalizations,21,1
10/09/2020,30-39,Hospitalizations,45,3
10/09/2020,40-49,Hospitalizations,54,0
10/09/2020,50-59,Hospitalizations,91,3
10/09/2020,60-69,Hospitalizations,128,7
10/09/2020,70-79,Hospitalizations,151,4
10/09/2020,80-89,Hospitalizations,97,1
10/09/2020,90+,Hospitalizations,41,1
10/09/2020,<10,ICU,0,0
10/09/2020,10-19,ICU,0,0
10/09/2020,20-29,ICU,7,0
10/09/2020,30-39,ICU,13,1
10/09/2020,40-49,ICU,20,0
10/09/2020,50-59,ICU,36,2
10/09/2020,60-69,ICU,52,2
10/09/2020,70-79,ICU,68,2
10/09/2020,80-89,ICU,18,0
10/09/2020,90+,ICU,4,0
10/09/2020,<10,Deaths,0,0
10/09/2020,10-19,Deaths,0,0
10/09/2020,20-29,Deaths,0,0
10/09/2020,30-39,Deaths,0,0
10/09/2020,40-49,Deaths,3,0
10/09/2020,50-59,Deaths,5,0
10/09/2020,60-69,Deaths,20,1
10/09/2020,70-79,Deaths,38,0
10/09/2020,80-89,Deaths,87,2
10/09/2020,90+,Deaths,60,0
03/09/2020,<10,Cases,157,30
03/09/2020,10-19,Cases,306,58
03/09/2020,20-29,Cases,1332,208
03/09/2020,30-39,Cases,1191,151
03/09/2020,40-49,Cases,833,82
03/09/2020,50-59,Cases,833,64
03/09/2020,60-69,Cases,526,41
03/09/2020,70-79,Cases,351,13
03/09/2020,80-89,Cases,286,12
03/09/2020,90+,Cases,165,2
03/09/2020,<10,Hospitalizations,3,1
03/09/2020,10-19,Hospitalizations,2,0
03/09/2020,20-29,Hospitalizations,20,3
03/09/2020,30-39,Hospitalizations,42,2
03/09/2020,40-49,Hospitalizations,54,0
03/09/2020,50-59,Hospitalizations,88,4
03/09/2020,60-69,Hospitalizations,121,7
03/09/2020,70-79,Hospitalizations,147,6
03/09/2020,80-89,Hospitalizations,96,2
03/09/2020,90+,Hospitalizations,40,0
03/09/2020,<10,ICU,0,0
03/09/2020,10-19,ICU,0,0
03/09/2020,20-29,ICU,7,2
03/09/2020,30-39,ICU,12,0
03/09/2020,40-49,ICU,20,0
03/09/2020,50-59,ICU,34,0
03/09/2020,60-69,ICU,50,3
03/09/2020,70-79,ICU,66,2
03/09/2020,80-89,ICU,18,1
03/09/2020,90+,ICU,4,0
03/09/2020,<10,Deaths,0,0
03/09/2020,10-19,Deaths,0,0
03/09/2020,20-29,Deaths,0,0
03/09/2020,30-39,Deaths,0,0
03/09/2020,40-49,Deaths,3,1
03/09/2020,50-59,Deaths,5,0
03/09/2020,60-69,Deaths,19,1
03/09/2020,70-79,Deaths,38,1
03/09/2020,80-89,Deaths,85,2
03/09/2020,90+,Deaths,60,1
27/08/2020,<10,Cases,127,12
27/08/2020,10-19,Cases,248,28
27/08/2020,20-29,Cases,1124,163
27/08/2020,30-39,Cases,1040,136
27/08/2020,40-49,Cases,751,81
27/08/2020,50-59,Cases,769,51
27/08/2020,60-69,Cases,485,34
27/08/2020,70-79,Cases,338,24
27/08/2020,80-89,Cases,274,10
27/08/2020,90+,Cases,163,5
27/08/2020,<10,Hospitalizations,2,0
27/08/2020,10-19,Hospitalizations,2,0
27/08/2020,20-29,Hospitalizations,17,1
27/08/2020,30-39,Hospitalizations,40,1
27/08/2020,40-49,Hospitalizations,54,3
27/08/2020,50-59,Hospitalizations,84,2
27/08/2020,60-69,Hospitalizations,114,5
27/08/2020,70-79,Hospitalizations,141,5
27/08/2020,80-89,Hospitalizations,94,3
27/08/2020,90+,Hospitalizations,40,1
27/08/2020,<10,ICU,0,0
27/08/2020,10-19,ICU,0,0
27/08/2020,20-29,ICU,5,0
27/08/2020,30-39,ICU,12,0
27/08/2020,40-49,ICU,20,1
27/08/2020,50-59,ICU,34,1
27/08/2020,60-69,ICU,47,4
27/08/2020,70-79,ICU,64,2
27/08/2020,80-89,ICU,17,0
27/08/2020,90+,ICU,4,0
27/08/2020,<10,Deaths,0,0
27/08/2020,10-19,Deaths,0,0
27/08/2020,20-29,Deaths,0,0
27/08/2020,30-39,Deaths,0,0
27/08/2020,40-49,Deaths,2,0
27/08/2020,50-59,Deaths,5,0
27/08/2020,60-69,Deaths,18,0
27/08/2020,70-79,Deaths,37,1
27/08/2020,80-89,Deaths,83,2
27/08/2020,90+,Deaths,59,1
20/08/2020,<10,Cases,115,21
20/08/2020,10-19,Cases,220,36
20/08/2020,20-29,Cases,961,173
20/08/2020,30-39,Cases,904,129
20/08/2020,40-49,Cases,670,68
20/08/2020,50-59,Cases,718,48
20/08/2020,60-69,Cases,451,38
20/08/2020,70-79,Cases,314,24
20/08/2020,80-89,Cases,264,6
20/08/2020,90+,Cases,158,3
20/08/2020,<10,Hospitalizations,2,0
20/08/2020,10-19,Hospitalizations,2,1
20/08/2020,20-29,Hospitalizations,16,0
20/08/2020,30-39,Hospitalizations,39,0
20/08/2020,40-49,Hospitalizations,51,0
20/08/2020,50-59,Hospitalizations,82,0
20/08/2020,60-69,Hospitalizations,109,3
20/08/2020,70-79,Hospitalizations,136,7
20/08/2020,80-89,Hospitalizations,91,2
20/08/2020,90+,Hospitalizations,39,2
20/08/2020,<10,ICU,0,0
20/08/2020,10-19,ICU,0,0
20/08/2020,20-29,ICU,5,0
20/08/2020,30-39,ICU,12,0
20/08/2020,40-49,ICU,19,0
20/08/2020,50-59,ICU,33,0
20/08/2020,60-69,ICU,43,0
20/08/2020,70-79,ICU,62,2
20/08/2020,80-89,ICU,17,0
20/08/2020,90+,ICU,4,0
20/08/2020,<10,Deaths,0,0
20/08/2020,10-19,Deaths,0,0
20/08/2020,20-29,Deaths,0,0
20/08/2020,30-39,Deaths,0,0
20/08/2020,40-49,Deaths,2,0
20/08/2020,50-59,Deaths,5,0
20/08/2020,60-69,Deaths,18,0
20/08/2020,70-79,Deaths,36,1
20/08/2020,80-89,Deaths,81,0
20/08/2020,90+,Deaths,58,3
13/08/2020,<10,Cases,94,16
13/08/2020,10-19,Cases,184,22
13/08/2020,20-29,Cases,788,140
13/08/2020,30-39,Cases,775,84
13/08/2020,40-49,Cases,602,44
13/08/2020,50-59,Cases,670,35
13/08/2020,60-69,Cases,413,14
13/08/2020,70-79,Cases,290,2
13/08/2020,80-89,Cases,258,4
13/08/2020,90+,Cases,155,5
13/08/2020,<10,Hospitalizations,2,0
13/08/2020,10-19,Hospitalizations,1,0
13/08/2020,20-29,Hospitalizations,16,0
13/08/2020,30-39,Hospitalizations,39,1
13/08/2020,40-49,Hospitalizations,51,0
13/08/2020,50-59,Hospitalizations,82,0
13/08/2020,60-69,Hospitalizations,106,0
13/08/2020,70-79,Hospitalizations,129,0
13/08/2020,80-89,Hospitalizations,89,0
13/08/2020,90+,Hospitalizations,37,1
13/08/2020,<10,ICU,0,0
13/08/2020,10-19,ICU,0,0
13/08/2020,20-29,ICU,5,0
13/08/2020,30-39,ICU,12,1
13/08/2020,40-49,ICU,19,0
13/08/2020,50-59,ICU,33,1
13/08/2020,60-69,ICU,43,0
13/08/2020,70-79,ICU,60,0
13/08/2020,80-89,ICU,17,0
13/08/2020,90+,ICU,4,1
13/08/2020,<10,Deaths,0,0
13/08/2020,10-19,Deaths,0,0
13/08/2020,20-29,Deaths,0,0
13/08/2020,30-39,Deaths,0,0
13/08/2020,40-49,Deaths,2,0
13/08/2020,50-59,Deaths,5,0
13/08/2020,60-69,Deaths,18,1
13/08/2020,70-79,Deaths,35,0
13/08/2020,80-89,Deaths,81,0
13/08/2020,90+,Deaths,55,0
06/08/2020,<10,Cases,78,14
06/08/2020,10-19,Cases,162,22
06/08/2020,20-29,Cases,648,98
06/08/2020,30-39,Cases,691,76
06/08/2020,40-49,Cases,558,39
06/08/2020,50-59,Cases,635,26
06/08/2020,60-69,Cases,399,10
06/08/2020,70-79,Cases,288,3
06/08/2020,80-89,Cases,254,1
06/08/2020,90+,Cases,150,1
06/08/2020,<10,Hospitalizations,2,0
06/08/2020,10-19,Hospitalizations,1,0
06/08/2020,20-29,Hospitalizations,16,0
06/08/2020,30-39,Hospitalizations,38,1
06/08/2020,40-49,Hospitalizations,51,0
06/08/2020,50-59,Hospitalizations,82,5
06/08/2020,60-69,Hospitalizations,106,1
06/08/2020,70-79,Hospitalizations,129,0
06/08/2020,80-89,Hospitalizations,89,0
06/08/2020,90+,Hospitalizations,36,1
06/08/2020,<10,ICU,0,0
06/08/2020,10-19,ICU,0,0
06/08/2020,20-29,ICU,5,0
06/08/2020,30-39,ICU,11,0
06/08/2020,40-49,ICU,19,0
06/08/2020,50-59,ICU,32,1
06/08/2020,60-69,ICU,43,3
06/08/2020,70-79,ICU,60,1
06/08/2020,80-89,ICU,17,0
06/08/2020,90+,ICU,3,0
06/08/2020,<10,Deaths,0,0
06/08/2020,10-19,Deaths,0,0
06/08/2020,20-29,Deaths,0,0
06/08/2020,30-39,Deaths,0,0
06/08/2020,40-49,Deaths,2,0
06/08/2020,50-59,Deaths,5,0
06/08/2020,60-69,Deaths,17,0
06/08/2020,70-79,Deaths,35,1
06/08/2020,80-89,Deaths,81,0
06/08/2020,90+,Deaths,55,0
30/07/2020,<10,Cases,64,6
30/07/2020,10-19,Cases,140,25
30/07/2020,20-29,Cases,550,53
30/07/2020,30-39,Cases,615,33
30/07/2020,40-49,Cases,519,30
30/07/2020,50-59,Cases,609,18
30/07/2020,60-69,Cases,389,23
30/07/2020,70-79,Cases,285,4
30/07/2020,80-89,Cases,253,4
30/07/2020,90+,Cases,149,0
30/07/2020,<10,Hospitalizations,2,0
30/07/2020,10-19,Hospitalizations,1,0
30/07/2020,20-29,Hospitalizations,16,1
30/07/2020,30-39,Hospitalizations,37,1
30/07/2020,40-49,Hospitalizations,51,0
30/07/2020,50-59,Hospitalizations,77,1
30/07/2020,60-69,Hospitalizations,105,0
30/07/2020,70-79,Hospitalizations,129,0
30/07/2020,80-89,Hospitalizations,89,0
30/07/2020,90+,Hospitalizations,35,0
30/07/2020,<10,ICU,0,0
30/07/2020,10-19,ICU,0,0
30/07/2020,20-29,ICU,5,0
30/07/2020,30-39,ICU,11,0
30/07/2020,40-49,ICU,19,0
30/07/2020,50-59,ICU,31,1
30/07/2020,60-69,ICU,40,0
30/07/2020,70-79,ICU,59,0
30/07/2020,80-89,ICU,17,0
30/07/2020,90+,ICU,3,0
30/07/2020,<10,Deaths,0,0
30/07/2020,10-19,Deaths,0,0
30/07/2020,20-29,Deaths,0,0
30/07/2020,30-39,Deaths,0,0
30/07/2020,40-49,Deaths,2,0
30/07/2020,50-59,Deaths,5,0
30/07/2020,60-69,Deaths,17,1
30/07/2020,70-79,Deaths,34,0
30/07/2020,80-89,Deaths,81,2
30/07/2020,90+,Deaths,55,1
23/07/2020,<10,Cases,58,7
23/07/2020,10-19,Cases,115,15
23/07/2020,20-29,Cases,497,83
23/07/2020,30-39,Cases,582,40
23/07/2020,40-49,Cases,489,26
23/07/2020,50-59,Cases,591,22
23/07/2020,60-69,Cases,366,10
23/07/2020,70-79,Cases,281,8
23/07/2020,80-89,Cases,249,6
23/07/2020,90+,Cases,149,1
23/07/2020,<10,Hospitalizations,2,0
23/07/2020,10-19,Hospitalizations,1,0
23/07/2020,20-29,Hospitalizations,15,0
23/07/2020,30-39,Hospitalizations,36,1
23/07/2020,40-49,Hospitalizations,51,1
23/07/2020,50-59,Hospitalizations,76,1
23/07/2020,60-69,Hospitalizations,105,2
23/07/2020,70-79,Hospitalizations,129,2
23/07/2020,80-89,Hospitalizations,89,0
23/07/2020,90+,Hospitalizations,35,1
23/07/2020,<10,ICU,0,0
23/07/2020,10-19,ICU,0,0
23/07/2020,20-29,ICU,5,0
23/07/2020,30-39,ICU,11,0
23/07/2020,40-49,ICU,19,0
23/07/2020,50-59,ICU,30,0
23/07/2020,60-69,ICU,40,0
23/07/2020,70-79,ICU,59,0
23/07/2020,80-89,ICU,17,0
23/07/2020,90+,ICU,3,0
23/07/2020,<10,Deaths,0,0
23/07/2020,10-19,Deaths,0,0
23/07/2020,20-29,Deaths,0,0
23/07/2020,30-39,Deaths,0,0
23/07/2020,40-49,Deaths,2,0
23/07/2020,50-59,Deaths,5,0
23/07/2020,60-69,Deaths,16,0
23/07/2020,70-79,Deaths,34,0
23/07/2020,80-89,Deaths,79,0
23/07/2020,90+,Deaths,54,1
16/07/2020,<10,Cases,51,2
16/07/2020,10-19,Cases,100,15
16/07/2020,20-29,Cases,414,45
16/07/2020,30-39,Cases,542,25
16/07/2020,40-49,Cases,463,14
16/07/2020,50-59,Cases,569,19
16/07/2020,60-69,Cases,356,12
16/07/2020,70-79,Cases,273,5
16/07/2020,80-89,Cases,243,3
16/07/2020,90+,Cases,148,1
16/07/2020,<10,Hospitalizations,2,0
16/07/2020,10-19,Hospitalizations,1,0
16/07/2020,20-29,Hospitalizations,15,1
16/07/2020,30-39,Hospitalizations,35,1
16/07/2020,40-49,Hospitalizations,50,0
16/07/2020,50-59,Hospitalizations,75,1
16/07/2020,60-69,Hospitalizations,103,0
16/07/2020,70-79,Hospitalizations,127,1
16/07/2020,80-89,Hospitalizations,89,0
16/07/2020,90+,Hospitalizations,34,0
16/07/2020,<10,ICU,0,0
16/07/2020,10-19,ICU,0,0
16/07/2020,20-29,ICU,5,0
16/07/2020,30-39,ICU,11,0
16/07/2020,40-49,ICU,19,0
16/07/2020,50-59,ICU,30,0
16/07/2020,60-69,ICU,40,0
16/07/2020,70-79,ICU,59,1
16/07/2020,80-89,ICU,17,0
16/07/2020,90+,ICU,3,0
16/07/2020,<10,Deaths,0,0
16/07/2020,10-19,Deaths,0,0
16/07/2020,20-29,Deaths,0,0
16/07/2020,30-39,Deaths,0,0
16/07/2020,40-49,Deaths,2,0
16/07/2020,50-59,Deaths,5,0
16/07/2020,60-69,Deaths,16,0
16/07/2020,70-79,Deaths,34,0
16/07/2020,80-89,Deaths,79,3
16/07/2020,90+,Deaths,53,0
09/07/2020,<10,Cases,49,0
09/07/2020,10-19,Cases,85,9
09/07/2020,20-29,Cases,369,25
09/07/2020,30-39,Cases,517,9
09/07/2020,40-49,Cases,449,14
09/07/2020,50-59,Cases,550,9
09/07/2020,60-69,Cases,344,5
09/07/2020,70-79,Cases,268,5
09/07/2020,80-89,Cases,240,5
09/07/2020,90+,Cases,147,2
09/07/2020,<10,Hospitalizations,2,0
09/07/2020,10-19,Hospitalizations,1,0
09/07/2020,20-29,Hospitalizations,14,0
09/07/2020,30-39,Hospitalizations,34,0
09/07/2020,40-49,Hospitalizations,50,0
09/07/2020,50-59,Hospitalizations,74,0
09/07/2020,60-69,Hospitalizations,103,0
09/07/2020,70-79,Hospitalizations,126,1
09/07/2020,80-89,Hospitalizations,89,1
09/07/2020,90+,Hospitalizations,34,1
09/07/2020,<10,ICU,0,0
09/07/2020,10-19,ICU,0,0
09/07/2020,20-29,ICU,5,0
09/07/2020,30-39,ICU,11,0
09/07/2020,40-49,ICU,19,0
09/07/2020,50-59,ICU,30,0
09/07/2020,60-69,ICU,40,0
09/07/2020,70-79,ICU,58,0
09/07/2020,80-89,ICU,17,1
09/07/2020,90+,ICU,3,0
09/07/2020,<10,Deaths,0,0
09/07/2020,10-19,Deaths,0,0
09/07/2020,20-29,Deaths,0,0
09/07/2020,30-39,Deaths,0,0
09/07/2020,40-49,Deaths,2,0
09/07/2020,50-59,Deaths,5,0
09/07/2020,60-69,Deaths,16,0
09/07/2020,70-79,Deaths,34,2
09/07/2020,80-89,Deaths,76,2
09/07/2020,90+,Deaths,53,5
02/07/2020,<10,Cases,49,7
02/07/2020,10-19,Cases,76,4
02/07/2020,20-29,Cases,344,18
02/07/2020,30-39,Cases,508,15
02/07/2020,40-49,Cases,435,11
02/07/2020,50-59,Cases,541,5
02/07/2020,60-69,Cases,339,2
02/07/2020,70-79,Cases,263,1
02/07/2020,80-89,Cases,235,4
02/07/2020,90+,Cases,145,5
02/07/2020,<10,Hospitalizations,2,0
02/07/2020,10-19,Hospitalizations,1,0
02/07/2020,20-29,Hospitalizations,14,0
02/07/2020,30-39,Hospitalizations,34,0
02/07/2020,40-49,Hospitalizations,50,0
02/07/2020,50-59,Hospitalizations,74,1
02/07/2020,60-69,Hospitalizations,103,0
02/07/2020,70-79,Hospitalizations,125,0
02/07/2020,80-89,Hospitalizations,88,2
02/07/2020,90+,Hospitalizations,33,0
02/07/2020,<10,ICU,0,0
02/07/2020,10-19,ICU,0,0
02/07/2020,20-29,ICU,5,0
02/07/2020,30-39,ICU,11,0
02/07/2020,40-49,ICU,19,0
02/07/2020,50-59,ICU,30,1
02/07/2020,60-69,ICU,40,0
02/07/2020,70-79,ICU,58,0
02/07/2020,80-89,ICU,16,0
02/07/2020,90+,ICU,3,0
02/07/2020,<10,Deaths,0,0
02/07/2020,10-19,Deaths,0,0
02/07/2020,20-29,Deaths,0,0
02/07/2020,30-39,Deaths,0,0
02/07/2020,40-49,Deaths,2,0
02/07/2020,50-59,Deaths,5,1
02/07/2020,60-69,Deaths,16,0
02/07/2020,70-79,Deaths,32,1
02/07/2020,80-89,Deaths,74,0
02/07/2020,90+,Deaths,48,2
25/06/2020,<10,Cases,42,3
25/06/2020,10-19,Cases,72,8
25/06/2020,20-29,Cases,326,13
25/06/2020,30-39,Cases,493,18
25/06/2020,40-49,Cases,424,11
25/06/2020,50-59,Cases,536,13
25/06/2020,60-69,Cases,337,3
25/06/2020,70-79,Cases,262,6
25/06/2020,80-89,Cases,231,3
25/06/2020,90+,Cases,140,8
25/06/2020,<10,Hospitalizations,2,0
25/06/2020,10-19,Hospitalizations,1,0
25/06/2020,20-29,Hospitalizations,14,1
25/06/2020,30-39,Hospitalizations,34,0
25/06/2020,40-49,Hospitalizations,50,1
25/06/2020,50-59,Hospitalizations,73,0
25/06/2020,60-69,Hospitalizations,103,2
25/06/2020,70-79,Hospitalizations,125,3
25/06/2020,80-89,Hospitalizations,86,3
25/06/2020,90+,Hospitalizations,33,2
25/06/2020,<10,ICU,0,0
25/06/2020,10-19,ICU,0,0
25/06/2020,20-29,ICU,5,0
25/06/2020,30-39,ICU,11,0
25/06/2020,40-49,ICU,19,1
25/06/2020,50-59,ICU,29,0
25/06/2020,60-69,ICU,40,1
25/06/2020,70-79,ICU,58,1
25/06/2020,80-89,ICU,16,1
25/06/2020,90+,ICU,3,0
25/06/2020,<10,Deaths,0,0
25/06/2020,10-19,Deaths,0,0
25/06/2020,20-29,Deaths,0,0
25/06/2020,30-39,Deaths,0,0
25/06/2020,40-49,Deaths,2,0
25/06/2020,50-59,Deaths,4,0
25/06/2020,60-69,Deaths,16,1
25/06/2020,70-79,Deaths,31,1
25/06/2020,80-89,Deaths,74,2
25/06/2020,90+,Deaths,46,1
18/06/2020,<10,Cases,39,2
18/06/2020,10-19,Cases,64,5
18/06/2020,20-29,Cases,313,18
18/06/2020,30-39,Cases,475,11
18/06/2020,40-49,Cases,413,10
18/06/2020,50-59,Cases,523,13
18/06/2020,60-69,Cases,334,0
18/06/2020,70-79,Cases,256,12
18/06/2020,80-89,Cases,228,11
18/06/2020,90+,Cases,132,4
18/06/2020,<10,Hospitalizations,2,0
18/06/2020,10-19,Hospitalizations,1,0
18/06/2020,20-29,Hospitalizations,13,0
18/06/2020,30-39,Hospitalizations,34,0
18/06/2020,40-49,Hospitalizations,49,2
18/06/2020,50-59,Hospitalizations,73,0
18/06/2020,60-69,Hospitalizations,101,1
18/06/2020,70-79,Hospitalizations,122,4
18/06/2020,80-89,Hospitalizations,83,3
18/06/2020,90+,Hospitalizations,31,0
18/06/2020,<10,ICU,0,0
18/06/2020,10-19,ICU,0,0
18/06/2020,20-29,ICU,5,0
18/06/2020,30-39,ICU,11,0
18/06/2020,40-49,ICU,18,0
18/06/2020,50-59,ICU,29,1
18/06/2020,60-69,ICU,39,0
18/06/2020,70-79,ICU,57,-1
18/06/2020,80-89,ICU,15,0
18/06/2020,90+,ICU,3,0
18/06/2020,<10,Deaths,0,0
18/06/2020,10-19,Deaths,0,0
18/06/2020,20-29,Deaths,0,0
18/06/2020,30-39,Deaths,0,0
18/06/2020,40-49,Deaths,2,0
18/06/2020,50-59,Deaths,4,0
18/06/2020,60-69,Deaths,15,0
18/06/2020,70-79,Deaths,30,0
18/06/2020,80-89,Deaths,72,0
18/06/2020,90+,Deaths,45,1
11/06/2020,<10,Cases,37,5
11/06/2020,10-19,Cases,59,5
11/06/2020,20-29,Cases,295,14
11/06/2020,30-39,Cases,464,9
11/06/2020,40-49,Cases,403,5
11/06/2020,50-59,Cases,510,10
11/06/2020,60-69,Cases,334,8
11/06/2020,70-79,Cases,244,1
11/06/2020,80-89,Cases,217,4
11/06/2020,90+,Cases,128,0
11/06/2020,<10,Hospitalizations,2,0
11/06/2020,10-19,Hospitalizations,1,0
11/06/2020,20-29,Hospitalizations,13,1
11/06/2020,30-39,Hospitalizations,34,1
11/06/2020,40-49,Hospitalizations,47,0
11/06/2020,50-59,Hospitalizations,73,1
11/06/2020,60-69,Hospitalizations,100,1
11/06/2020,70-79,Hospitalizations,118,-2
11/06/2020,80-89,Hospitalizations,80,-1
11/06/2020,90+,Hospitalizations,31,0
11/06/2020,<10,ICU,0,0
11/06/2020,10-19,ICU,0,0
11/06/2020,20-29,ICU,5,-1
11/06/2020,30-39,ICU,11,1
11/06/2020,40-49,ICU,18,0
11/06/2020,50-59,ICU,28,1
11/06/2020,60-69,ICU,39,0
11/06/2020,70-79,ICU,58,0
11/06/2020,80-89,ICU,15,0
11/06/2020,90+,ICU,3,0
11/06/2020,<10,Deaths,0,0
11/06/2020,10-19,Deaths,0,0
11/06/2020,20-29,Deaths,0,0
11/06/2020,30-39,Deaths,0,0
11/06/2020,40-49,Deaths,2,0
11/06/2020,50-59,Deaths,4,0
11/06/2020,60-69,Deaths,15,0
11/06/2020,70-79,Deaths,30,0
11/06/2020,80-89,Deaths,72,0
11/06/2020,90+,Deaths,44,1
04/06/2020,<10,Cases,32,6
04/06/2020,10-19,Cases,54,3
04/06/2020,20-29,Cases,281,24
04/06/2020,30-39,Cases,455,14
04/06/2020,40-49,Cases,398,7
04/06/2020,50-59,Cases,500,12
04/06/2020,60-69,Cases,326,2
04/06/2020,70-79,Cases,243,4
04/06/2020,80-89,Cases,213,0
04/06/2020,90+,Cases,128,1
04/06/2020,<10,Hospitalizations,2,0
04/06/2020,10-19,Hospitalizations,1,0
04/06/2020,20-29,Hospitalizations,12,3
04/06/2020,30-39,Hospitalizations,33,1
04/06/2020,40-49,Hospitalizations,47,1
04/06/2020,50-59,Hospitalizations,72,1
04/06/2020,60-69,Hospitalizations,99,1
04/06/2020,70-79,Hospitalizations,120,1
04/06/2020,80-89,Hospitalizations,81,0
04/06/2020,90+,Hospitalizations,31,0
04/06/2020,<10,ICU,0,0
04/06/2020,10-19,ICU,0,0
04/06/2020,20-29,ICU,6,2
04/06/2020,30-39,ICU,10,1
04/06/2020,40-49,ICU,18,0
04/06/2020,50-59,ICU,27,-1
04/06/2020,60-69,ICU,39,0
04/06/2020,70-79,ICU,58,2
04/06/2020,80-89,ICU,15,0
04/06/2020,90+,ICU,3,0
04/06/2020,<10,Deaths,0,0
04/06/2020,10-19,Deaths,0,0
04/06/2020,20-29,Deaths,0,0
04/06/2020,30-39,Deaths,0,0
04/06/2020,40-49,Deaths,2,0
04/06/2020,50-59,Deaths,4,0
04/06/2020,60-69,Deaths,15,0
04/06/2020,70-79,Deaths,30,0
04/06/2020,80-89,Deaths,72,2
04/06/2020,90+,Deaths,43,0
28/05/2020,<10,Cases,26,0
28/05/2020,10-19,Cases,51,4
28/05/2020,20-29,Cases,257,14
28/05/2020,30-39,Cases,441,23
28/05/2020,40-49,Cases,391,18
28/05/2020,50-59,Cases,488,11
28/05/2020,60-69,Cases,324,4
28/05/2020,70-79,Cases,239,3
28/05/2020,80-89,Cases,213,2
28/05/2020,90+,Cases,127,5
28/05/2020,<10,Hospitalizations,2,0
28/05/2020,10-19,Hospitalizations,1,0
28/05/2020,20-29,Hospitalizations,9,0
28/05/2020,30-39,Hospitalizations,32,1
28/05/2020,40-49,Hospitalizations,46,0
28/05/2020,50-59,Hospitalizations,71,-1
28/05/2020,60-69,Hospitalizations,98,0
28/05/2020,70-79,Hospitalizations,119,3
28/05/2020,80-89,Hospitalizations,81,1
28/05/2020,90+,Hospitalizations,31,0
28/05/2020,<10,ICU,0,0
28/05/2020,10-19,ICU,0,0
28/05/2020,20-29,ICU,4,0
28/05/2020,30-39,ICU,9,1
28/05/2020,40-49,ICU,18,0
28/05/2020,50-59,ICU,28,-1
28/05/2020,60-69,ICU,39,0
28/05/2020,70-79,ICU,56,0
28/05/2020,80-89,ICU,15,-1
28/05/2020,90+,ICU,3,0
28/05/2020,<10,Deaths,0,0
28/05/2020,10-19,Deaths,0,0
28/05/2020,20-29,Deaths,0,0
28/05/2020,30-39,Deaths,0,0
28/05/2020,40-49,Deaths,2,0
28/05/2020,50-59,Deaths,4,0
28/05/2020,60-69,Deaths,15,0
28/05/2020,70-79,Deaths,30,4
28/05/2020,80-89,Deaths,70,3
28/05/2020,90+,Deaths,43,5
21/05/2020,<10,Cases,26,2
21/05/2020,10-19,Cases,47,2
21/05/2020,20-29,Cases,243,14
21/05/2020,30-39,Cases,418,12
21/05/2020,40-49,Cases,373,12
21/05/2020,50-59,Cases,477,10
21/05/2020,60-69,Cases,320,9
21/05/2020,70-79,Cases,236,10
21/05/2020,80-89,Cases,211,7
21/05/2020,90+,Cases,122,8
21/05/2020,<10,Hospitalizations,2,0
21/05/2020,10-19,Hospitalizations,1,0
21/05/2020,20-29,Hospitalizations,9,0
21/05/2020,30-39,Hospitalizations,31,0
21/05/2020,40-49,Hospitalizations,46,2
21/05/2020,50-59,Hospitalizations,72,2
21/05/2020,60-69,Hospitalizations,98,2
21/05/2020,70-79,Hospitalizations,116,3
21/05/2020,80-89,Hospitalizations,80,1
21/05/2020,90+,Hospitalizations,31,1
21/05/2020,<10,ICU,0,0
21/05/2020,10-19,ICU,0,0
21/05/2020,20-29,ICU,4,0
21/05/2020,30-39,ICU,8,0
21/05/2020,40-49,ICU,18,0
21/05/2020,50-59,ICU,29,1
21/05/2020,60-69,ICU,39,0
21/05/2020,70-79,ICU,56,0
21/05/2020,80-89,ICU,16,0
21/05/2020,90+,ICU,3,0
21/05/2020,<10,Deaths,0,0
21/05/2020,10-19,Deaths,0,0
21/05/2020,20-29,Deaths,0,0
21/05/2020,30-39,Deaths,0,0
21/05/2020,40-49,Deaths,2,0
21/05/2020,50-59,Deaths,4,2
21/05/2020,60-69,Deaths,15,2
21/05/2020,70-79,Deaths,26,3
21/05/2020,80-89,Deaths,67,8
21/05/2020,90+,Deaths,38,2
14/05/2020,<10,Cases,24,3
14/05/2020,10-19,Cases,45,5
14/05/2020,20-29,Cases,229,12
14/05/2020,30-39,Cases,406,11
14/05/2020,40-49,Cases,361,17
14/05/2020,50-59,Cases,467,20
14/05/2020,60-69,Cases,311,6
14/05/2020,70-79,Cases,226,12
14/05/2020,80-89,Cases,204,16
14/05/2020,90+,Cases,114,7
14/05/2020,<10,Hospitalizations,2,0
14/05/2020,10-19,Hospitalizations,1,0
14/05/2020,20-29,Hospitalizations,9,0
14/05/2020,30-39,Hospitalizations,31,1
14/05/2020,40-49,Hospitalizations,44,2
14/05/2020,50-59,Hospitalizations,70,4
14/05/2020,60-69,Hospitalizations,96,1
14/05/2020,70-79,Hospitalizations,113,1
14/05/2020,80-89,Hospitalizations,79,2
14/05/2020,90+,Hospitalizations,30,0
14/05/2020,<10,ICU,0,0
14/05/2020,10-19,ICU,0,0
14/05/2020,20-29,ICU,4,0
14/05/2020,30-39,ICU,8,0
14/05/2020,40-49,ICU,18,1
14/05/2020,50-59,ICU,28,1
14/05/2020,60-69,ICU,39,0
14/05/2020,70-79,ICU,56,0
14/05/2020,80-89,ICU,16,0
14/05/2020,90+,ICU,3,0
14/05/2020,<10,Deaths,0,0
14/05/2020,10-19,Deaths,0,0
14/05/2020,20-29,Deaths,0,0
14/05/2020,30-39,Deaths,0,0
14/05/2020,40-49,Deaths,2,0
14/05/2020,50-59,Deaths,2,0
14/05/2020,60-69,Deaths,13,0
14/05/2020,70-79,Deaths,23,2
14/05/2020,80-89,Deaths,59,6
14/05/2020,90+,Deaths,36,1
07/05/2020,<10,Cases,21,5
07/05/2020,10-19,Cases,40,9
07/05/2020,20-29,Cases,217,31
07/05/2020,30-39,Cases,395,32
07/05/2020,40-49,Cases,344,25
07/05/2020,50-59,Cases,447,27
07/05/2020,60-69,Cases,305,16
07/05/2020,70-79,Cases,214,7
07/05/2020,80-89,Cases,188,12
07/05/2020,90+,Cases,107,4
07/05/2020,<10,Hospitalizations,2,
07/05/2020,10-19,Hospitalizations,1,
07/05/2020,20-29,Hospitalizations,9,
07/05/2020,30-39,Hospitalizations,30,
07/05/2020,40-49,Hospitalizations,42,
07/05/2020,50-59,Hospitalizations,66,
07/05/2020,60-69,Hospitalizations,95,
07/05/2020,70-79,Hospitalizations,112,
07/05/2020,80-89,Hospitalizations,77,
07/05/2020,90+,Hospitalizations,30,
07/05/2020,<10,ICU,0,
07/05/2020,10-19,ICU,0,
07/05/2020,20-29,ICU,4,
07/05/2020,30-39,ICU,8,
07/05/2020,40-49,ICU,17,
07/05/2020,50-59,ICU,27,
07/05/2020,60-69,ICU,39,
07/05/2020,70-79,ICU,56,
07/05/2020,80-89,ICU,16,
07/05/2020,90+,ICU,3,
07/05/2020,<10,Deaths,0,
07/05/2020,10-19,Deaths,0,
07/05/2020,20-29,Deaths,0,
07/05/2020,30-39,Deaths,0,
07/05/2020,40-49,Deaths,2,
07/05/2020,50-59,Deaths,2,
07/05/2020,60-69,Deaths,13,
07/05/2020,70-79,Deaths,21,
07/05/2020,80-89,Deaths,53,
07/05/2020,90+,Deaths,35,
30/04/2020,<10,Cases,16,
30/04/2020,10-19,Cases,31,
30/04/2020,20-29,Cases,186,
30/04/2020,30-39,Cases,363,
30/04/2020,40-49,Cases,319,
30/04/2020,50-59,Cases,420,
30/04/2020,60-69,Cases,289,
30/04/2020,70-79,Cases,207,
30/04/2020,80-89,Cases,176,
30/04/2020,90+,Cases,103,