province,last_updated,date,change_cases,change_fatalities,change_tests,change_hospitalizations,change_criticals,change_recoveries,change_vaccinations,change_vaccinated,change_vaccines_distributed,total_cases,total_fatalities,total_tests,total_hospitalizations,total_criticals,total_recoveries,total_vaccinations,total_vaccinated,total_vaccines_distributed
bc,2021-05-14 17:39:32,2020-01-25,,,2,0,0,0,0,,,0,0,2,0,0,0,0,,
,,2020-01-26,,,4,0,0,0,0,,,0,0,6,0,0,0,0,,
,,2020-01-27,,,20,0,0,0,0,,,0,0,26,0,0,0,0,,
,,2020-01-28,1,0,10,0,0,0,0,,,1,0,36,0,0,0,0,,
,,2020-01-29,,,3,0,0,0,0,,,1,0,39,0,0,0,0,,
,,2020-01-30,,,26,0,0,0,0,,,1,0,65,0,0,0,0,,
,,2020-01-31,,,33,0,0,0,0,,,1,0,98,0,0,0,0,,
,,2020-02-01,,,23,0,0,0,0,,,1,0,121,0,0,0,0,,
,,2020-02-02,,,24,0,0,0,0,,,1,0,145,0,0,0,0,,
,,2020-02-03,,,16,0,0,0,0,,,1,0,161,0,0,0,0,,
,,2020-02-04,,,56,0,0,0,0,,,1,0,217,0,0,0,0,,
,,2020-02-05,1,0,50,0,0,0,0,,,2,0,267,0,0,0,0,,
,,2020-02-06,2,0,35,0,0,0,0,,,4,0,302,0,0,0,0,,
,,2020-02-07,,,63,0,0,0,0,,,4,0,365,0,0,0,0,,
,,2020-02-08,,,41,0,0,0,0,,,4,0,406,0,0,0,0,,
,,2020-02-09,,,30,0,0,0,0,,,4,0,436,0,0,0,0,,
,,2020-02-10,,,10,0,0,0,0,,,4,0,446,0,0,0,0,,
,,2020-02-11,,,37,0,0,0,0,,,4,0,483,0,0,0,0,,
,,2020-02-12,,,70,0,0,0,0,,,4,0,553,0,0,0,0,,
,,2020-02-13,,,55,0,0,0,0,,,4,0,608,0,0,0,0,,
,,2020-02-14,1,0,91,0,0,0,0,,,5,0,699,0,0,0,0,,
,,2020-02-15,,,44,0,0,0,0,,,5,0,743,0,0,0,0,,
,,2020-02-16,,,12,0,0,0,0,,,5,0,755,0,0,0,0,,
,,2020-02-17,,,29,0,0,0,0,,,5,0,784,0,0,0,0,,
,,2020-02-18,,,4,0,0,0,0,,,5,0,788,0,0,0,0,,
,,2020-02-19,,,101,0,0,0,0,,,5,0,889,0,0,0,0,,
,,2020-02-20,1,0,57,0,0,0,0,,,6,0,946,0,0,0,0,,
,,2020-02-21,,,65,0,0,0,0,,,6,0,1011,0,0,0,0,,
,,2020-02-22,,,45,0,0,0,0,,,6,0,1056,0,0,0,0,,
,,2020-02-23,,,44,0,0,0,0,,,6,0,1100,0,0,0,0,,
,,2020-02-24,1,0,17,0,0,0,0,,,7,0,1117,0,0,0,0,,
,,2020-02-25,,,61,0,0,0,0,,,7,0,1178,0,0,0,0,,
,,2020-02-26,,,76,0,0,0,0,,,7,0,1254,0,0,0,0,,
,,2020-02-27,,,138,0,0,0,0,,,7,0,1392,0,0,0,0,,
,,2020-02-28,,,121,0,0,0,0,,,7,0,1513,0,0,0,0,,
,,2020-02-29,1,0,148,0,0,0,0,,,8,0,1661,0,0,0,0,,
,,2020-03-01,,,105,0,0,4,0,,,8,0,1766,0,0,4,0,,
,,2020-03-02,,,71,0,0,0,0,,,8,0,1837,0,0,4,0,,
,,2020-03-03,4,0,194,0,0,0,0,,,12,0,2031,0,0,4,0,,
,,2020-03-04,1,0,310,0,0,0,0,,,13,0,2341,0,0,4,0,,
,,2020-03-05,8,0,484,0,0,0,0,,,21,0,2825,0,0,4,0,,
,,2020-03-06,,,369,0,0,0,0,,,21,0,3194,0,0,4,0,,
,,2020-03-07,6,0,756,0,0,0,0,,,27,0,3950,0,0,4,0,,
,,2020-03-08,0,1,442,0,0,0,0,,,27,1,4392,0,0,4,0,,
,,2020-03-09,5,0,391,0,0,0,0,,,32,1,4783,0,0,4,0,,
,,2020-03-10,7,0,447,0,0,0,0,,,39,1,5230,0,0,4,0,,
,,2020-03-11,7,0,695,0,0,0,0,,,46,1,5925,0,0,4,0,,
,,2020-03-12,7,0,1137,0,0,0,0,,,53,1,7062,0,0,4,0,,
,,2020-03-13,11,0,1079,0,0,1,0,,,64,1,8141,0,0,5,0,,
,,2020-03-14,9,0,1448,0,0,0,0,,,73,1,9589,0,0,5,0,,
,,2020-03-15,,,1550,0,0,0,0,,,73,1,11139,0,0,5,0,,
,,2020-03-16,30,3,1771,6,0,0,0,,,103,4,12910,6,0,5,0,,
,,2020-03-17,83,3,3423,1,4,0,0,,,186,7,16333,7,4,5,0,,
,,2020-03-18,45,0,3023,6,3,0,0,,,231,7,19356,13,7,5,0,,
,,2020-03-19,40,1,1113,4,2,0,0,,,271,8,20469,17,9,5,0,,
,,2020-03-20,77,1,854,5,1,1,0,,,348,9,21323,22,10,6,0,,
,,2020-03-21,76,1,1524,5,2,0,0,,,424,10,22847,27,12,6,0,,
,,2020-03-22,48,0,2000,0,0,0,0,,,472,10,24847,27,12,6,0,,
,,2020-03-23,67,3,2052,6,2,94,0,,,539,13,26899,33,14,100,0,,
,,2020-03-24,78,0,1955,26,9,73,0,,,617,13,28854,59,23,173,0,,
,,2020-03-25,42,1,1889,5,3,10,0,,,659,14,30743,64,26,183,0,,
,,2020-03-26,66,0,2703,2,0,3,0,,,725,14,33446,66,26,186,0,,
,,2020-03-27,66,2,2589,7,0,89,0,,,791,16,36035,73,26,275,0,,
,,2020-03-28,92,1,2138,8,26,121,0,,,883,17,38173,81,52,396,0,,
,,2020-03-29,16,0,1787,0,0,0,0,,,899,17,39960,81,52,396,0,,
,,2020-03-30,70,2,1569,25,8,73,0,,,969,19,41529,106,60,469,0,,
,,2020-03-31,43,5,1005,22,1,38,0,,,1012,24,42534,128,61,507,0,,
,,2020-04-01,53,1,997,14,6,99,0,,,1065,25,43531,142,67,606,0,,
,,2020-04-02,55,6,1173,7,1,35,0,,,1120,31,44704,149,68,641,0,,
,,2020-04-03,53,4,1145,-3,-4,32,0,,,1173,35,45849,146,64,673,0,,
,,2020-04-04,29,3,1177,3,4,31,0,,,1202,38,47026,149,68,704,0,,
,,2020-04-05,27,0,1239,-12,0,0,0,,,1229,38,48265,137,68,704,0,,
,,2020-04-06,36,1,752,3,4,79,0,,,1265,39,49017,140,72,783,0,,
,,2020-04-07,25,4,837,-2,-6,22,0,,,1290,43,49854,138,66,805,0,,
,,2020-04-08,45,5,1084,-3,-5,33,0,,,1335,48,50938,135,61,838,0,,
,,2020-04-09,34,2,1200,-3,7,20,0,,,1369,50,52138,132,68,858,0,,
,,2020-04-10,40,5,1178,-4,-3,21,0,,,1409,55,53316,128,65,879,0,,
,,2020-04-11,35,3,1533,6,-2,26,0,,,1444,58,54849,134,63,905,0,,
,,2020-04-12,25,0,938,0,0,0,0,,,1469,58,55787,134,63,905,0,,
,,2020-04-13,20,11,844,3,-5,21,0,,,1489,69,56631,137,58,926,0,,
,,2020-04-14,27,3,834,-3,0,16,0,,,1516,72,57465,134,58,942,0,,
,,2020-04-15,44,3,748,-3,1,13,0,,,1560,75,58213,131,59,955,0,,
,,2020-04-16,14,3,1349,-11,-3,28,0,,,1574,78,59562,120,56,983,0,,
,,2020-04-17,43,0,1481,-1,-4,-17,0,,,1617,78,61043,119,52,966,0,,
,,2020-04-18,29,3,1305,-4,2,21,0,,,1646,81,62348,115,54,987,0,,
,,2020-04-19,29,3,1270,0,0,0,0,,,1675,84,63618,115,54,987,0,,
,,2020-04-20,22,2,990,-11,-5,52,0,,,1697,86,64608,104,49,1039,0,,
,,2020-04-21,25,1,1246,5,2,2,0,,,1722,87,65854,109,51,1041,0,,
,,2020-04-22,71,3,1485,-6,-5,38,0,,,1793,90,67339,103,46,1079,0,,
,,2020-04-23,29,4,1840,0,-2,13,0,,,1822,94,69179,103,44,1092,0,,
,,2020-04-24,29,4,2300,-7,-3,22,0,,,1851,98,71479,96,41,1114,0,,
,,2020-04-25,95,2,2536,0,0,23,0,,,1946,100,74015,96,41,1137,0,,
,,2020-04-26,39,0,2444,0,0,0,0,,,1985,100,76459,96,41,1137,0,,
,,2020-04-27,11,3,2209,1,-5,53,0,,,1996,103,78668,97,36,1190,0,,
,,2020-04-28,49,2,2108,-3,1,41,0,,,2045,105,80776,94,37,1231,0,,
,,2020-04-29,34,4,2767,-5,-2,74,0,,,2079,109,83543,89,35,1305,0,,
,,2020-04-30,25,2,2662,-7,-5,17,0,,,2104,111,86205,82,30,1322,0,,
,,2020-05-01,33,1,2641,-3,-6,35,0,,,2137,112,88846,79,24,1357,0,,
,,2020-05-02,26,2,2779,-7,-1,19,0,,,2163,114,91625,72,23,1376,0,,
,,2020-05-03,34,0,2667,0,0,0,0,,,2197,114,94292,72,23,1376,0,,
,,2020-05-04,19,3,2424,5,-3,41,0,,,2216,117,96716,77,20,1417,0,,
,,2020-05-05,8,4,1989,1,1,55,0,,,2224,121,98705,78,21,1472,0,,
,,2020-05-06,23,3,2100,-4,-2,22,0,,,2247,124,100805,74,19,1494,0,,
,,2020-05-07,31,2,2785,2,1,18,0,,,2278,126,103590,76,20,1512,0,,
,,2020-05-08,29,1,2658,-3,0,67,0,,,2307,127,106248,73,20,1579,0,,
,,2020-05-09,15,2,2099,-4,1,80,0,,,2322,129,108347,69,21,1659,0,,
,,2020-05-10,9,0,1841,0,0,0,0,,,2331,129,110188,69,21,1659,0,,
,,2020-05-11,14,1,1267,-3,-3,60,0,,,2345,130,111455,66,18,1719,0,,
,,2020-05-12,7,1,1192,-3,-2,113,0,,,2352,131,112647,63,16,1832,0,,
,,2020-05-13,16,1,1764,-4,-2,27,0,,,2368,132,114411,59,14,1859,0,,
,,2020-05-14,16,3,2074,-1,-2,26,0,,,2384,135,116485,58,12,1885,0,,
,,2020-05-15,15,5,2002,-7,0,23,0,,,2399,140,118487,51,12,1908,0,,
,,2020-05-16,21,1,1956,-2,-1,24,0,,,2420,141,120443,49,11,1932,0,,
,,2020-05-17,8,0,1718,0,0,0,0,,,2428,141,122161,49,11,1932,0,,
,,2020-05-18,8,2,1411,-2,1,34,0,,,2436,143,123572,47,12,1966,0,,
,,2020-05-19,2,3,1143,-2,0,9,0,,,2438,146,124715,45,12,1975,0,,
,,2020-05-20,21,3,1167,-2,-2,26,0,,,2459,149,125882,43,10,2001,0,,
,,2020-05-21,12,3,1779,0,-2,19,0,,,2471,152,127661,43,8,2020,0,,
,,2020-05-22,28,3,1909,-2,0,22,0,,,2499,155,129570,41,8,2042,0,,
,,2020-05-23,10,2,1871,-2,0,15,0,,,2509,157,131441,39,8,2057,0,,
,,2020-05-24,6,0,1829,0,0,0,0,,,2515,157,133270,39,8,2057,0,,
,,2020-05-25,7,4,1492,-2,-1,45,0,,,2522,161,134762,37,7,2102,0,,
,,2020-05-26,11,0,1203,0,0,20,0,,,2533,161,135965,37,7,2122,0,,
,,2020-05-27,9,1,1657,0,0,22,0,,,2542,162,137622,37,7,2144,0,,
,,2020-05-28,9,2,2074,-4,-1,9,0,,,2551,164,139696,33,6,2153,0,,
,,2020-05-29,4,0,1983,1,0,17,0,,,2555,164,141679,34,6,2170,0,,
,,2020-05-30,11,0,1804,1,-1,11,0,,,2566,164,143483,35,5,2181,0,,
,,2020-05-31,9,0,1844,0,0,0,0,,,2575,164,145327,35,5,2181,0,,
,,2020-06-01,15,1,1338,-3,0,26,0,,,2590,165,146665,32,5,2207,0,,
,,2020-06-02,4,0,1158,-1,3,22,0,,,2594,165,147823,31,8,2229,0,,
,,2020-06-03,22,1,1726,1,-1,14,0,,,2616,166,149549,32,7,2243,0,,
,,2020-06-04,5,0,1909,-6,-1,22,0,,,2621,166,151458,26,6,2265,0,,
,,2020-06-05,1,1,0,-5,-1,7,0,,,2622,167,151458,21,5,2272,0,,
,,2020-06-06,14,0,0,0,0,0,0,,,2636,167,151458,21,5,2272,0,,
,,2020-06-07,7,0,0,0,0,0,0,,,2643,167,151458,21,5,2272,0,,
,,2020-06-08,9,0,0,-5,-1,37,0,,,2652,167,151458,16,4,2309,0,,
,,2020-06-09,9,0,8537,0,0,10,0,,,2661,167,159995,16,4,2319,0,,
,,2020-06-10,12,0,1439,-4,0,9,0,,,2673,167,161434,12,4,2328,0,,
,,2020-06-11,14,0,1922,1,1,16,0,,,2687,167,163356,13,5,2344,0,,
,,2020-06-12,16,1,1900,-1,-2,10,0,,,2703,168,165256,12,3,2354,0,,
,,2020-06-13,14,0,0,0,0,0,0,,,2717,168,165256,12,3,2354,0,,
,,2020-06-14,16,0,0,0,0,0,0,,,2733,168,165256,12,3,2354,0,,
,,2020-06-15,6,0,2992,1,1,41,0,,,2739,168,168248,13,4,2395,0,,
,,2020-06-16,11,0,0,-2,1,21,0,,,2750,168,168248,11,5,2416,0,,
,,2020-06-17,19,0,3335,0,0,6,0,,,2769,168,171583,11,5,2422,0,,
,,2020-06-18,8,0,2024,-1,0,3,0,,,2777,168,173607,10,5,2425,0,,
,,2020-06-19,7,0,0,1,1,19,0,,,2784,168,173607,11,6,2444,0,,
,,2020-06-20,10,0,0,0,0,0,0,,,2794,168,173607,11,6,2444,0,,
,,2020-06-21,6,0,0,0,0,0,0,,,2800,168,173607,11,6,2444,0,,
,,2020-06-22,16,1,0,3,0,27,0,,,2816,169,173607,14,6,2471,0,,
,,2020-06-23,13,1,8097,2,1,20,0,,,2829,170,181704,16,7,2491,0,,
,,2020-06-24,14,1,1664,-2,0,25,0,,,2843,171,183368,14,7,2516,0,,
,,2020-06-25,19,2,2470,1,0,1,0,,,2862,173,185838,15,7,2517,0,,
,,2020-06-26,10,1,1978,2,-2,28,0,,,2872,174,187816,17,5,2545,0,,
,,2020-06-27,10,0,1759,0,0,0,0,,,2882,174,189575,17,5,2545,0,,
,,2020-06-28,14,0,1650,0,0,0,0,,,2896,174,191225,17,5,2545,0,,
,,2020-06-29,2,0,1275,1,0,32,0,,,2898,174,192500,18,5,2577,0,,
,,2020-06-30,12,0,1254,0,-1,13,0,,,2910,174,193754,18,4,2590,0,,
,,2020-07-01,15,0,1693,0,0,0,0,,,2925,174,195447,18,4,2590,0,,
,,2020-07-02,9,3,1801,-1,-2,13,0,,,2934,177,197248,17,2,2603,0,,
,,2020-07-03,13,0,1517,2,0,5,0,,,2947,177,198765,19,2,2608,0,,
,,2020-07-04,9,0,2157,0,0,0,0,,,2956,177,200922,19,2,2608,0,,
,,2020-07-05,15,0,1985,0,0,0,0,,,2971,177,202907,19,2,2608,0,,
,,2020-07-06,7,6,1489,-3,2,21,0,,,2978,183,204396,16,4,2629,0,,
,,2020-07-07,12,0,1278,0,0,16,0,,,2990,183,205674,16,4,2645,0,,
,,2020-07-08,18,3,2023,1,-1,15,0,,,3008,186,207697,17,3,2660,0,,
,,2020-07-09,20,0,2138,0,1,7,0,,,3028,186,209835,17,4,2667,0,,
,,2020-07-10,25,1,2624,-1,1,12,0,,,3053,187,212459,16,5,2679,0,,
,,2020-07-11,21,0,2722,0,0,0,0,,,3074,187,215181,16,5,2679,0,,
,,2020-07-12,20,0,2333,0,0,0,0,,,3094,187,217514,16,5,2679,0,,
,,2020-07-13,21,2,2089,-2,0,39,0,,,3115,189,219603,14,5,2718,0,,
,,2020-07-14,13,0,1494,0,0,12,0,,,3128,189,221097,14,5,2730,0,,
,,2020-07-15,21,0,2396,0,0,23,0,,,3149,189,223493,14,5,2753,0,,
,,2020-07-16,21,0,2654,1,-2,36,0,,,3170,189,226147,15,3,2789,0,,
,,2020-07-17,28,0,3146,3,-1,13,0,,,3198,189,229293,18,2,2802,0,,
,,2020-07-18,51,0,2818,0,0,0,0,,,3249,189,232111,18,2,2802,0,,
,,2020-07-19,19,0,2532,0,0,0,0,,,3268,189,234643,18,2,2802,0,,
,,2020-07-20,30,0,2026,-2,2,56,0,,,3298,189,236669,16,4,2858,0,,
,,2020-07-21,30,0,1677,-1,-1,15,0,,,3328,189,238346,15,3,2873,0,,
,,2020-07-22,34,0,2668,2,0,15,0,,,3362,189,241014,17,3,2888,0,,
,,2020-07-23,30,1,3136,-1,0,10,0,,,3392,190,244150,16,3,2898,0,,
,,2020-07-24,27,1,2567,-4,0,36,0,,,3419,191,246717,12,3,2934,0,,
,,2020-07-25,36,0,2661,0,0,0,0,,,3455,191,249378,12,3,2934,0,,
,,2020-07-26,21,0,2627,0,0,0,0,,,3476,191,252005,12,3,2934,0,,
,,2020-07-27,24,2,1869,-1,0,109,0,,,3500,193,253874,11,3,3043,0,,
,,2020-07-28,21,1,1855,-2,0,33,0,,,3521,194,255729,9,3,3076,0,,
,,2020-07-29,41,0,2641,-3,-1,33,0,,,3562,194,258370,6,2,3109,0,,
,,2020-07-30,29,0,3371,-1,0,46,0,,,3591,194,261741,5,2,3155,0,,
,,2020-07-31,50,1,3264,0,0,13,0,,,3641,195,265005,5,2,3168,0,,
,,2020-08-01,43,0,2162,0,0,0,0,,,3684,195,267167,5,2,3168,0,,
,,2020-08-02,29,0,2011,0,0,0,0,,,3713,195,269178,5,2,3168,0,,
,,2020-08-03,46,0,1760,0,0,0,0,,,3759,195,270938,5,2,3168,0,,
,,2020-08-04,28,0,1516,3,2,105,0,,,3787,195,272454,8,4,3273,0,,
,,2020-08-05,47,0,1729,1,2,15,0,,,3834,195,274183,9,6,3288,0,,
,,2020-08-06,47,0,2558,2,-1,27,0,,,3881,195,276741,11,5,3315,0,,
,,2020-08-07,53,0,3054,0,-1,38,0,,,3934,195,279795,11,4,3353,0,,
,,2020-08-08,50,0,2983,0,0,0,0,,,3984,195,282778,11,4,3353,0,,
,,2020-08-09,37,0,2801,0,0,0,0,,,4021,195,285579,11,4,3353,0,,
,,2020-08-10,44,0,2500,-2,-1,72,0,,,4065,195,288079,9,3,3425,0,,
,,2020-08-11,46,0,2072,-1,2,19,0,,,4111,195,290151,8,5,3444,0,,
,,2020-08-12,85,1,2976,0,0,25,0,,,4196,196,293127,8,5,3469,0,,
,,2020-08-13,78,0,3616,1,-1,31,0,,,4274,196,296743,9,4,3500,0,,
,,2020-08-14,84,0,3488,3,0,33,0,,,4358,196,300231,12,4,3533,0,,
,,2020-08-15,100,0,4055,0,0,0,0,,,4458,196,304286,12,4,3533,0,,
,,2020-08-16,88,0,3732,0,0,0,0,,,4546,196,308018,12,4,3533,0,,
,,2020-08-17,48,2,2943,-8,-1,120,0,,,4594,198,310961,4,3,3653,0,,
,,2020-08-18,83,0,2325,2,0,51,0,,,4677,198,313286,6,3,3704,0,,
,,2020-08-19,68,0,3497,4,1,45,0,,,4745,198,316783,10,4,3749,0,,
,,2020-08-20,80,2,4208,1,0,96,0,,,4825,200,320991,11,4,3845,0,,
,,2020-08-21,90,2,4370,2,1,44,0,,,4915,202,325361,13,5,3889,0,,
,,2020-08-22,109,0,3924,0,0,0,0,,,5024,202,329285,13,5,3889,0,,
,,2020-08-23,81,0,4682,0,0,0,0,,,5105,202,333967,13,5,3889,0,,
,,2020-08-24,79,1,2759,5,0,179,0,,,5184,203,336726,18,5,4068,0,,
,,2020-08-25,58,0,2030,4,2,46,0,,,5242,203,338756,22,7,4114,0,,
,,2020-08-26,62,0,4411,-1,0,85,0,,,5304,203,343167,21,7,4199,0,,
,,2020-08-27,68,1,4591,1,0,54,0,,,5372,204,347758,22,7,4253,0,,
,,2020-08-28,124,0,5416,1,0,57,0,,,5496,204,353174,23,7,4310,0,,
,,2020-08-29,86,0,5356,0,0,0,0,,,5582,204,358530,23,7,4310,0,,
,,2020-08-30,107,0,4780,0,0,0,0,,,5689,204,363310,23,7,4310,0,,
,,2020-08-31,101,4,3325,5,3,96,0,,,5790,208,366635,28,10,4406,0,,
,,2020-09-01,58,1,2527,3,0,99,0,,,5848,209,369162,31,10,4505,0,,
,,2020-09-02,104,0,5248,2,4,100,0,,,5952,209,374410,33,14,4605,0,,
,,2020-09-03,89,1,5736,1,-3,39,0,,,6041,210,380146,34,11,4644,0,,
,,2020-09-04,121,1,5975,-3,1,62,0,,,6162,211,386121,31,12,4706,0,,
,,2020-09-05,123,0,0,0,0,0,0,,,6285,211,386121,31,12,4706,0,,
,,2020-09-06,116,0,0,0,0,0,0,,,6401,211,386121,31,12,4706,0,,
,,2020-09-07,107,0,0,0,0,0,0,,,6508,211,386121,31,12,4706,0,,
,,2020-09-08,83,2,0,1,0,272,0,,,6591,213,386121,32,12,4978,0,,
,,2020-09-09,100,0,0,5,3,108,0,,,6691,213,386121,37,15,5086,0,,
,,2020-09-10,139,0,0,5,-1,104,0,,,6830,213,386121,42,14,5190,0,,
,,2020-09-11,132,0,0,7,-4,83,0,,,6962,213,386121,49,10,5273,0,,
,,2020-09-12,137,0,0,0,0,0,0,,,7099,213,386121,49,10,5273,0,,
,,2020-09-13,119,0,0,0,0,0,0,,,7218,213,386121,49,10,5273,0,,
,,2020-09-14,61,6,0,9,6,173,0,,,7279,219,386121,58,16,5446,0,,
,,2020-09-15,97,0,0,5,4,102,0,,,7376,219,386121,63,20,5548,0,,
,,2020-09-16,122,0,0,-3,3,98,0,,,7498,219,386121,60,23,5646,0,,
,,2020-09-17,165,1,0,-3,-1,73,0,,,7663,220,386121,57,22,5719,0,,
,,2020-09-18,179,3,0,2,-2,78,0,,,7842,223,386121,59,20,5797,0,,
,,2020-09-19,121,0,0,0,0,0,0,,,7963,223,386121,59,20,5797,0,,
,,2020-09-20,117,0,0,0,0,0,0,,,8080,223,386121,59,20,5797,0,,
,,2020-09-21,128,4,0,1,1,175,0,,,8208,227,386121,60,21,5972,0,,
,,2020-09-22,96,0,0,1,1,617,0,,,8304,227,386121,61,22,6589,0,,
,,2020-09-23,91,0,0,1,-4,180,0,,,8395,227,386121,62,18,6769,0,,
,,2020-09-24,148,2,0,-1,2,0,0,,,8543,229,386121,61,20,6769,0,,
,,2020-09-25,98,1,120399,1,-1,267,0,,,8641,230,506520,62,19,7036,0,,
,,2020-09-26,68,0,0,0,0,0,0,,,8709,230,506520,62,19,7036,0,,
,,2020-09-27,125,0,0,0,0,0,0,,,8834,230,506520,62,19,7036,0,,
,,2020-09-28,74,3,0,7,3,310,0,,,8908,233,506520,69,22,7346,0,,
,,2020-09-29,105,1,0,0,-2,139,0,,,9013,234,506520,69,20,7485,0,,
,,2020-09-30,125,0,0,3,1,106,0,,,9138,234,506520,72,21,7591,0,,
,,2020-10-01,82,1,0,-3,-2,104,0,,,9220,235,506520,69,19,7695,0,,
,,2020-10-02,161,3,0,-6,-3,118,0,,,9381,238,506520,63,16,7813,0,,
,,2020-10-03,130,0,0,0,0,0,0,,,9511,238,506520,63,16,7813,0,,
,,2020-10-04,108,0,0,0,0,0,0,,,9619,238,506520,63,16,7813,0,,
,,2020-10-05,120,4,0,3,0,0,0,,,9739,242,506520,66,16,7813,0,,
,,2020-10-06,102,2,0,5,0,371,0,,,9841,244,506520,71,16,8184,0,,
,,2020-10-07,115,0,0,0,-1,112,0,,,9956,244,506520,71,15,8296,0,,
,,2020-10-08,110,1,0,5,2,102,0,,,10066,245,506520,76,17,8398,0,,
,,2020-10-09,119,0,0,-8,2,104,0,,,10185,245,506520,68,19,8502,0,,
,,2020-10-10,170,0,0,0,0,0,0,,,10355,245,506520,68,19,8502,0,,
,,2020-10-11,159,0,0,0,0,0,0,,,10514,245,506520,68,19,8502,0,,
,,2020-10-12,119,0,0,0,0,0,0,,,10633,245,506520,68,19,8502,0,,
,,2020-10-13,101,5,0,9,5,472,0,,,10734,250,506520,77,24,8974,0,,
,,2020-10-14,158,0,0,7,0,138,0,,,10892,250,506520,84,24,9112,0,,
,,2020-10-15,142,0,0,-10,0,145,0,,,11034,250,506520,74,24,9257,0,,
,,2020-10-16,155,1,0,-2,2,130,0,,,11189,251,506520,72,26,9387,0,,
,,2020-10-17,172,0,0,0,0,0,0,,,11361,251,506520,72,26,9387,0,,
,,2020-10-18,153,0,0,0,0,0,0,,,11514,251,506520,72,26,9387,0,,
,,2020-10-19,173,2,0,-5,-7,366,0,,,11687,253,506520,67,19,9753,0,,
,,2020-10-20,167,1,0,2,-1,118,0,,,11854,254,506520,69,18,9871,0,,
,,2020-10-21,203,2,0,1,3,122,0,,,12057,256,506520,70,21,9993,0,,
,,2020-10-22,274,0,0,1,3,121,0,,,12331,256,506520,71,24,10114,0,,
,,2020-10-23,223,0,0,4,0,133,0,,,12554,256,506520,75,24,10247,0,,
,,2020-10-24,317,0,0,0,0,0,0,,,12871,256,506520,75,24,10247,0,,
,,2020-10-25,293,0,0,0,0,0,0,,,13164,256,506520,75,24,10247,0,,
,,2020-10-26,207,3,0,2,2,487,0,,,13371,259,506520,77,26,10734,0,,
,,2020-10-27,217,0,0,7,1,220,0,,,13588,259,506520,84,27,10954,0,,
,,2020-10-28,287,2,0,3,-2,290,0,,,13875,261,506520,87,25,11244,0,,
,,2020-10-29,234,1,310556,-1,-1,204,0,,,14109,262,817076,86,24,11448,0,,
,,2020-10-30,272,1,10420,-8,1,222,0,,,14381,263,827496,78,25,11670,0,,
,,2020-10-31,352,0,0,0,0,0,0,,,14733,263,827496,78,25,11670,0,,
,,2020-11-01,389,0,0,0,0,0,0,,,15122,263,827496,78,25,11670,0,,
,,2020-11-02,379,6,0,12,-6,617,0,,,15501,269,827496,90,19,12287,0,,
,,2020-11-03,299,3,0,2,3,143,0,,,15800,272,827496,92,22,12430,0,,
,,2020-11-04,335,1,0,0,3,229,0,,,16135,273,827496,92,25,12659,0,,
,,2020-11-05,425,0,0,5,-1,0,0,,,16560,273,827496,97,24,12659,0,,
,,2020-11-06,589,2,0,7,4,376,0,,,17149,275,827496,104,28,13035,0,,
,,2020-11-07,567,0,0,0,3,0,0,,,17716,275,827496,104,31,13035,0,,
,,2020-11-08,536,1,78619,0,0,0,0,,,18252,276,906115,104,31,13035,0,,
,,2020-11-09,462,5,10688,29,12,390,0,,,18714,281,916803,133,43,13425,0,,
,,2020-11-10,525,3,5823,9,3,279,0,,,19239,284,922626,142,46,13704,0,,
,,2020-11-11,536,0,0,0,0,0,0,,,19775,284,922626,142,46,13704,0,,
,,2020-11-12,593,4,23133,13,-2,385,0,,,20368,288,945759,155,44,14089,0,,
,,2020-11-13,617,2,9480,12,6,812,0,,,20985,290,955239,167,50,14901,0,,
,,2020-11-14,654,0,0,0,0,0,0,,,21639,290,955239,167,50,14901,0,,
,,2020-11-15,659,0,0,0,0,0,0,,,22298,290,955239,167,50,14901,0,,
,,2020-11-16,646,9,32557,14,7,1186,0,,,22944,299,987796,181,57,16087,0,,
,,2020-11-17,716,11,0,17,6,382,0,,,23660,310,987796,198,63,16469,0,,
,,2020-11-18,762,10,17963,11,-5,445,0,,,24422,320,1005759,209,58,16914,0,,
,,2020-11-19,538,1,13792,8,1,293,0,,,24960,321,1019551,217,59,17207,0,,
,,2020-11-20,516,10,11080,10,-2,270,0,,,25476,331,1030631,227,57,17477,0,,
,,2020-11-21,713,0,0,0,0,0,0,,,26189,331,1030631,227,57,17477,0,,
,,2020-11-22,624,0,0,0,0,0,0,,,26813,331,1030631,227,57,17477,0,,
,,2020-11-23,594,17,36065,50,2,1592,0,,,27407,348,1066696,277,59,19069,0,,
,,2020-11-24,941,10,11037,7,2,536,0,,,28348,358,1077733,284,61,19605,0,,
,,2020-11-25,738,13,11492,10,0,209,0,,,29086,371,1089225,294,61,19814,0,,
,,2020-11-26,887,13,13082,0,3,184,0,,,29973,384,1102307,294,64,19998,0,,
,,2020-11-27,911,11,0,7,5,1306,0,,,30884,395,1102307,301,69,21304,0,,
,,2020-11-28,750,0,0,0,0,0,0,,,31634,395,1102307,301,69,21304,0,,
,,2020-11-29,731,0,0,0,0,0,0,,,32365,395,1102307,301,69,21304,0,,
,,2020-11-30,873,46,51101,15,6,1807,0,,,33238,441,1153408,316,75,23111,0,,
,,2020-12-01,656,16,8459,20,1,663,0,,,33894,457,1161867,336,76,23774,0,,
,,2020-12-02,834,12,12064,1,3,650,0,,,34728,469,1173931,337,79,24424,0,,
,,2020-12-03,694,12,12165,-12,1,504,0,,,35422,481,1186096,325,80,24928,0,,
,,2020-12-04,710,11,14537,13,-4,730,0,,,36132,492,1200633,338,76,25658,0,,
,,2020-12-05,647,0,0,0,0,0,0,,,36779,492,1200633,338,76,25658,0,,
,,2020-12-06,726,0,0,0,0,0,0,,,37505,492,1200633,338,76,25658,0,,
,,2020-12-07,647,35,34373,11,1,1629,0,,,38152,527,1235006,349,77,27287,0,,
,,2020-12-08,566,16,6943,3,-3,610,0,,,38718,543,1241949,352,74,27897,0,,
,,2020-12-09,619,16,12958,-14,2,551,0,,,39337,559,1254907,338,76,28448,0,,
,,2020-12-10,723,28,12614,8,-1,500,0,,,40060,587,1267521,346,75,28948,0,,
,,2020-12-11,737,11,10557,-4,12,650,0,,,40797,598,1278078,342,87,29598,0,,
,,2020-12-12,698,0,0,0,0,0,0,,,41495,598,1278078,342,87,29598,0,,
,,2020-12-13,689,0,0,0,0,0,0,,3900,42184,598,1278078,342,87,29598,0,,3900
,,2020-12-14,757,49,38159,17,0,1609,0,0,0,42941,647,1316237,359,87,31207,0,,3900
,,2020-12-15,522,21,9003,2,6,659,0,0,0,43463,668,1325240,361,93,31866,0,,3900
,,2020-12-16,640,24,14767,1,-2,510,409,0,0,44103,692,1340007,362,91,32376,409,,3900
,,2020-12-17,673,21,11605,-4,2,587,807,0,0,44776,713,1351612,358,93,32963,1216,,3900
,,2020-12-18,624,11,11639,-2,-1,626,1376,0,0,45400,724,1363251,356,92,33589,2592,,3900
,,2020-12-19,652,0,0,0,0,0,0,0,0,46052,724,1363251,356,92,33589,2592,,3900
,,2020-12-20,486,0,0,0,0,0,0,0,0,46538,724,1363251,356,92,33589,2592,,3900
,,2020-12-21,529,41,29980,-15,-12,1866,1052,0,0,47067,765,1393231,341,80,35455,3644,,3900
,,2020-12-22,442,12,7378,16,4,639,464,0,24425,47509,777,1400609,357,84,36094,4108,,28325
,,2020-12-23,518,19,8513,-9,-4,858,1495,0,0,48027,796,1409122,348,80,36952,5603,,28325
,,2020-12-24,582,12,8420,-7,-2,832,2575,0,0,48609,808,1417542,341,78,37784,8178,,28325
,,2020-12-25,512,0,0,0,0,0,0,0,0,49121,808,1417542,341,78,37784,8178,,28325
,,2020-12-26,447,0,0,0,0,0,0,0,0,49568,808,1417542,341,78,37784,8178,,28325
,,2020-12-27,424,0,0,0,0,0,0,0,0,49992,808,1417542,341,78,37784,8178,,28325
,,2020-12-28,441,0,0,0,0,0,0,0,0,50433,808,1417542,341,78,37784,8178,,28325
,,2020-12-29,382,74,27448,32,2,3391,3752,0,925,50815,882,1444990,373,80,41175,11930,,29250
,,2020-12-30,485,11,6785,6,-3,506,2097,0,0,51300,893,1451775,379,77,41681,14027,,29250
,,2020-12-31,683,8,8004,-5,-1,448,3483,0,0,51983,901,1459779,374,76,42129,17510,,29250
,,2021-01-01,572,0,0,0,0,0,0,0,25375,52555,901,1459779,374,76,42129,17510,,54625
,,2021-01-02,607,0,0,0,0,0,0,0,0,53162,901,1459779,374,76,42129,17510,,54625
,,2021-01-03,500,0,0,0,0,0,0,0,0,53662,901,1459779,374,76,42129,17510,,54625
,,2021-01-04,539,45,25452,-23,0,3100,8234,0,0,54201,946,1485231,351,76,45229,25744,,54625
,,2021-01-05,428,8,5915,16,1,770,2465,0,0,54629,954,1491146,367,77,45999,28209,,54625
,,2021-01-06,625,8,8859,14,1,729,5456,0,0,55254,962,1500005,381,78,46728,33665,,54625
,,2021-01-07,761,9,8961,-9,-4,646,7399,0,0,56015,971,1508966,372,74,47374,41064,,54625
,,2021-01-08,617,18,9345,-14,1,831,5195,0,16575,56632,989,1518311,358,75,48205,46259,,71200
,,2021-01-09,538,0,0,0,0,0,0,0,0,57170,989,1518311,358,75,48205,46259,,71200
,,2021-01-10,507,0,0,0,0,0,0,0,0,57677,989,1518311,358,75,48205,46259,,71200
,,2021-01-11,430,22,24009,0,-3,2336,13643,0,0,58107,1011,1542320,358,72,50541,59902,,71200
,,2021-01-12,446,9,5785,10,0,603,2392,0,0,58553,1020,1548105,368,72,51144,62294,,71200
,,2021-01-13,519,11,9485,-8,4,749,1136,0,0,59072,1031,1557590,360,76,51893,63430,,71200
,,2021-01-14,536,7,9396,2,-2,712,6316,0,28275,59608,1038,1566986,362,74,52605,69746,,99475
,,2021-01-15,509,9,9757,-13,-6,510,6168,0,0,60117,1047,1576743,349,68,53115,75914,,99475
,,2021-01-16,584,0,0,0,0,0,0,0,0,60701,1047,1576743,349,68,53115,75914,,99475
,,2021-01-17,445,0,0,0,0,0,0,0,0,61146,1047,1576743,349,68,53115,75914,,99475
,,2021-01-18,301,31,25048,-6,0,1541,11432,0,18400,61447,1078,1601791,343,68,54656,87346,,117875
,,2021-01-19,465,12,5088,-14,2,443,5023,0,15600,61912,1090,1606879,329,70,55099,92369,,133475
,,2021-01-20,500,14,11180,-9,-4,465,5756,882,7725,62412,1104,1618059,320,66,55564,98125,882,141200
,,2021-01-21,564,15,8942,-11,2,446,6776,798,3350,62976,1119,1627001,309,68,56010,104901,1680,144550
,,2021-01-22,508,9,9664,6,6,445,5665,522,0,63484,1128,1636665,315,74,56455,110566,2202,144550
,,2021-01-23,527,0,0,0,0,0,0,0,0,64011,1128,1636665,315,74,56455,110566,2202,144550
,,2021-01-24,471,0,0,0,0,0,0,0,0,64482,1128,1636665,315,74,56455,110566,2202,144550
,,2021-01-25,346,26,26911,13,-6,1376,9284,991,0,64828,1154,1663576,328,68,57831,119850,3193,144550
,,2021-01-26,407,14,5232,-15,3,521,2509,912,0,65235,1168,1668808,313,71,58352,122359,4105,144550
,,2021-01-27,485,4,12763,-10,3,426,2006,55,0,65720,1172,1681571,303,74,58778,124365,4160,144550
,,2021-01-28,546,12,10041,-12,1,363,2890,25,0,66266,1184,1691612,291,75,59141,127255,4185,144550
,,2021-01-29,514,5,12763,1,-1,410,1986,77,0,66780,1189,1704375,292,74,59551,129241,4262,144550
,,2021-01-30,407,0,0,0,0,0,0,0,0,67187,1189,1704375,292,74,59551,129241,4262,144550
,,2021-01-31,473,0,0,0,0,0,0,0,0,67660,1189,1704375,292,74,59551,129241,4262,144550
,,2021-02-01,277,21,24818,-3,5,1566,9651,229,0,67937,1210,1729193,289,79,61117,138892,4491,144550
,,2021-02-02,429,8,5579,5,3,12,1560,606,11700,68366,1218,1734772,294,82,61129,140452,5097,156250
,,2021-02-03,414,16,7999,-16,-2,514,1694,1320,0,68780,1234,1742771,278,80,61643,142146,6417,156250
,,2021-02-04,465,6,9137,-21,-4,435,3421,1680,0,69245,1240,1751908,257,76,62078,145567,8097,156250
,,2021-02-05,471,6,7109,-4,-6,489,3997,2269,0,69716,1246,1759017,253,70,62567,149564,10366,156250
,,2021-02-06,428,9,0,0,0,0,0,0,0,70144,1255,1759017,253,70,62567,149564,10366,156250
,,2021-02-07,465,3,0,0,0,0,0,0,0,70609,1258,1759017,253,70,62567,149564,10366,156250
,,2021-02-08,343,1,22135,-19,-1,3038,4932,1745,16700,70952,1259,1781152,234,69,65605,154496,12111,172950
,,2021-02-09,435,4,5053,7,-1,13,1089,691,0,71387,1263,1786205,241,68,65618,155585,12802,172950
,,2021-02-10,469,6,8060,-11,-2,549,2212,1514,0,71856,1269,1794265,230,66,66167,157797,14316,172950
,,2021-02-11,449,9,8211,-6,-3,436,2090,1368,15550,72305,1278,1802476,224,63,66603,159887,15684,188500
,,2021-02-12,445,10,7743,2,-2,405,3095,1878,0,72750,1288,1810219,226,61,67008,162982,17562,188500
,,2021-02-13,452,0,0,0,0,0,0,0,0,73202,1288,1810219,226,61,67008,162982,17562,188500
,,2021-02-14,431,0,0,0,0,0,0,0,0,73633,1288,1810219,226,61,67008,162982,17562,188500
,,2021-02-15,348,0,0,0,0,0,0,0,0,73981,1288,1810219,226,61,67008,162982,17562,188500
,,2021-02-16,302,26,26578,5,13,1697,8773,5352,0,74283,1314,1836797,231,74,68705,171755,22914,188500
,,2021-02-17,427,3,5790,1,-11,462,4260,3116,0,74710,1317,1842587,232,63,69167,176015,26030,188500
,,2021-02-18,617,4,9274,-8,-3,435,4676,3922,45825,75327,1321,1851861,224,60,69602,180691,29952,234325
,,2021-02-19,508,6,9149,-7,0,368,12251,6971,9165,75835,1327,1861010,217,60,69970,192942,36923,243490
,,2021-02-20,504,0,0,0,0,0,0,0,0,76339,1327,1861010,217,60,69970,192942,36923,243490
,,2021-02-21,475,0,0,0,0,0,0,0,0,76814,1327,1861010,217,60,69970,192942,36923,243490
,,2021-02-22,449,8,20982,6,6,1343,25784,18134,0,77263,1335,1881992,223,66,71313,218726,55057,243490
,,2021-02-23,559,1,6792,15,3,440,5628,3839,44460,77822,1336,1888784,238,69,71753,224354,58896,287950
,,2021-02-24,456,2,9237,-1,-5,466,6521,3712,19890,78278,1338,1898021,237,64,72219,230875,62608,307840
,,2021-02-25,395,10,8290,-9,-2,562,8958,5549,7600,78673,1348,1906311,228,62,72781,239833,68157,315440
,,2021-02-26,521,7,9779,4,1,407,12540,5651,8100,79194,1355,1916090,232,63,73188,252373,73808,323540
,,2021-02-27,532,0,0,0,0,0,0,0,0,79726,1355,1916090,232,63,73188,252373,73808,323540
,,2021-02-28,508,0,0,0,0,0,0,0,0,80234,1355,1916090,232,63,73188,252373,73808,323540
,,2021-03-01,695,8,24229,4,2,1588,23308,9969,300,80929,1363,1940319,236,65,74776,275681,83777,323840
,,2021-03-02,438,2,6416,7,-2,479,7501,2760,40180,81367,1365,1946735,243,63,75255,283182,86537,364020
,,2021-03-03,542,7,9210,3,1,564,6627,79,18720,81909,1372,1955945,246,64,75819,289809,86616,382740
,,2021-03-04,564,4,8317,2,-1,470,9042,130,2340,82473,1376,1964262,248,63,76289,298851,86746,385080
,,2021-03-05,634,4,10405,7,3,463,12357,119,0,83107,1380,1974667,255,66,76752,311208,86865,385080
,,2021-03-06,545,0,0,0,0,0,0,0,0,83652,1380,1974667,255,66,76752,311208,86865,385080
,,2021-03-07,532,0,0,0,0,0,0,0,0,84184,1380,1974667,255,66,76752,311208,86865,385080
,,2021-03-08,385,11,25600,-15,0,1485,22119,60,0,84569,1391,2000267,240,66,78237,333327,86925,385080
,,2021-03-09,550,2,4558,9,2,533,10054,13,43290,85119,1393,2004825,249,68,78770,343381,86938,428370
,,2021-03-10,531,1,9147,-5,-2,539,11959,22,15210,85650,1394,2013972,244,66,79309,355340,86960,443580
,,2021-03-11,569,3,8984,0,2,520,11451,49,70340,86219,1397,2022956,244,68,79829,366791,87009,513920
,,2021-03-12,648,0,9271,11,-1,496,13952,15,0,86867,1397,2032227,255,67,80325,380743,87024,513920
,,2021-03-13,555,0,0,0,0,0,0,0,0,87422,1397,2032227,255,67,80325,380743,87024,513920
,,2021-03-14,491,0,0,0,0,0,0,0,0,87913,1397,2032227,255,67,80325,380743,87024,513920
,,2021-03-15,460,10,27111,14,9,1565,28360,35,0,88373,1407,2059338,269,76,81890,409103,87059,513920
,,2021-03-16,556,0,7103,11,8,546,15414,11,0,88929,1407,2066441,280,84,82436,424517,87070,513920
,,2021-03-17,498,4,8847,1,-1,647,19623,23,83150,89427,1411,2075288,281,83,83083,444140,87093,597070
,,2021-03-18,622,8,8234,5,2,530,21444,27,33790,90049,1419,2083522,286,85,83613,465584,87120,630860
,,2021-03-19,737,2,9790,6,0,465,24438,19,300,90786,1421,2093312,292,85,84078,490022,87139,631160
,,2021-03-20,556,0,0,0,0,0,0,0,0,91342,1421,2093312,292,85,84078,490022,87139,631160
,,2021-03-21,598,0,0,0,0,0,0,0,0,91940,1421,2093312,292,85,84078,490022,87139,631160
,,2021-03-22,631,16,23125,11,-5,1668,49386,22,0,92571,1437,2116437,303,80,85746,539408,87161,631160
,,2021-03-23,682,1,0,11,3,561,18100,7,105300,93253,1438,2116437,314,83,86307,557508,87168,736460
,,2021-03-24,716,3,14769,-11,2,550,25126,12,50310,93969,1441,2131206,303,85,86857,582634,87180,786770
,,2021-03-25,800,5,8882,3,-6,494,28037,32,5850,94769,1446,2140088,306,79,87351,610671,87212,792620
,,2021-03-26,908,3,9065,-12,2,515,27185,21,17600,95677,1449,2149153,294,81,87866,637856,87233,810220
,,2021-03-27,909,0,0,0,0,0,0,0,0,96586,1449,2149153,294,81,87866,637856,87233,810220
,,2021-03-28,805,0,0,0,0,0,0,0,0,97391,1449,2149153,294,81,87866,637856,87233,810220
,,2021-03-29,774,6,26089,5,-2,1856,61236,56,16400,98165,1455,2175242,299,79,89722,699092,87289,826620
,,2021-03-30,870,0,7579,13,-1,679,25101,30,107640,99035,1455,2182821,312,78,90401,724193,87319,934260
,,2021-03-31,1013,3,9992,-11,2,665,31887,32,46800,100048,1458,2192813,301,80,91066,756080,87351,981060
,,2021-04-01,832,5,15210,-5,-1,666,31569,43,8190,100880,1463,2208023,296,79,91732,787649,87394,989250
,,2021-04-02,1074,0,0,0,0,0,0,0,0,101954,1463,2208023,296,79,91732,787649,87394,989250
,,2021-04-03,1077,0,0,0,11,0,69152,61,0,103031,1463,2208023,296,90,91732,856801,87455,989250
,,2021-04-04,999,0,0,0,0,0,0,0,0,104030,1463,2208023,296,90,91732,856801,87455,989250
,,2021-04-05,890,23,0,22,6,3074,36789,17,299810,104920,1486,2208023,318,96,94806,893590,87472,1289060
,,2021-04-06,1068,3,47057,10,0,885,18466,2,0,105988,1489,2255080,328,96,95691,912056,87474,1289060
,,2021-04-07,997,2,12272,2,9,935,34040,30,94770,106985,1491,2267352,330,105,96626,946096,87504,1383830
,,2021-04-08,1293,2,12459,3,-4,836,38905,60,19680,108278,1493,2279811,333,101,97462,985001,87564,1403510
,,2021-04-09,1262,2,13243,-1,1,874,40018,42,0,109540,1495,2293054,332,102,98336,1025019,87606,1403510
,,2021-04-10,1283,0,0,0,0,0,0,0,0,110823,1495,2293054,332,102,98336,1025019,87606,1403510
,,2021-04-11,1036,0,0,0,0,0,0,0,0,111859,1495,2293054,332,102,98336,1025019,87606,1403510
,,2021-04-12,970,18,34618,36,19,2880,87082,138,0,112829,1513,2327672,368,121,101216,1112101,87744,1403510
,,2021-04-13,873,2,8418,9,-5,1052,36892,41,94920,113702,1515,2336090,377,116,102268,1148993,87785,1498430
,,2021-04-14,1168,6,12324,20,4,1092,41839,35,0,114870,1521,2348414,397,120,103360,1190832,87820,1498430
,,2021-04-15,1205,3,13514,12,5,971,45031,79,186440,116075,1524,2361928,409,125,104331,1235863,87899,1684870
,,2021-04-16,1005,6,11898,16,2,960,46228,71,0,117080,1530,2373826,425,127,105291,1282091,87970,1684870
,,2021-04-17,1027,0,0,0,0,0,0,0,0,118107,1530,2373826,425,127,105291,1282091,87970,1684870
,,2021-04-18,933,0,0,0,0,0,0,0,0,119040,1530,2373826,425,127,105291,1282091,87970,1684870
,,2021-04-19,1000,8,31713,16,11,3628,98069,181,11500,120040,1538,2405539,441,138,108919,1380160,88151,1696370
,,2021-04-20,849,1,8534,15,10,1054,34484,112,35100,120889,1539,2414073,456,148,109973,1414644,88263,1731470
,,2021-04-21,862,7,11358,27,16,1066,42302,72,95940,121751,1546,2425431,483,164,111039,1456946,88335,1827410
,,2021-04-22,1006,4,9384,19,-3,1196,43484,140,7020,122757,1550,2434815,502,161,112235,1500430,88475,1834430
,,2021-04-23,1001,4,10898,-16,-1,904,41636,188,0,123758,1554,2445713,486,160,113139,1542066,88663,1834430
,,2021-04-24,881,0,0,0,0,0,0,0,0,124639,1554,2445713,486,160,113139,1542066,88663,1834430
,,2021-04-25,847,0,0,0,0,0,0,0,0,125486,1554,2445713,486,160,113139,1542066,88663,1834430
,,2021-04-26,763,17,29596,-2,-2,3102,93306,372,0,126249,1571,2475309,484,158,116241,1635372,89035,1834430
,,2021-04-27,799,0,8628,16,6,909,35756,422,87750,127048,1571,2483937,500,164,117150,1671128,89457,1922180
,,2021-04-28,841,5,13530,15,7,907,34281,268,45630,127889,1576,2497467,515,171,118057,1705409,89725,1967810
,,2021-04-29,874,1,10982,-12,7,880,43966,571,4680,128763,1577,2508449,503,178,118937,1749375,90296,1972490
,,2021-04-30,719,4,10500,8,-4,848,37397,346,70400,129482,1581,2518949,511,174,119785,1786772,90642,2042890
,,2021-05-01,835,0,0,0,0,0,0,0,0,130317,1581,2518949,511,174,119785,1786772,90642,2042890
,,2021-05-02,671,0,0,0,0,0,0,0,0,130988,1581,2518949,511,174,119785,1786772,90642,2042890
,,2021-05-03,668,15,28437,-37,2,2733,90558,1089,11800,131656,1596,2547386,474,176,122518,1877330,91731,2054690
,,2021-05-04,697,1,7254,12,-3,865,32832,513,188470,132353,1597,2554640,486,173,123383,1910162,92244,2243160
,,2021-05-05,572,-3,10361,-5,-12,869,33068,1412,77120,132925,1594,2565001,481,161,124252,1943230,93656,2320280
,,2021-05-06,694,1,9429,-24,-7,773,52266,2212,9760,133619,1595,2574430,457,154,125025,1995496,95868,2330040
,,2021-05-07,722,7,0,-12,3,774,46946,3593,-100,134341,1602,2574430,445,157,125799,2042442,99461,2329940
,,2021-05-08,596,0,0,0,0,0,0,0,0,134937,1602,2574430,445,157,125799,2042442,99461,2329940
,,2021-05-09,605,0,0,0,0,0,0,0,0,135542,1602,2574430,445,157,125799,2042442,99461,2329940
,,2021-05-10,558,20,17112,-30,-7,2340,116661,6597,112600,136100,1622,2591542,415,150,128139,2159103,106058,2442540
,,2021-05-11,523,2,32677,11,-9,10,60753,4458,214980,136623,1624,2624219,426,141,128149,2219856,110516,2657520
,,2021-05-12,600,1,9150,-3,0,1375,57462,4779,72440,137223,1625,2633369,423,141,129524,2277318,115295,2729960
,,2021-05-13,587,7,8964,-10,0,786,58195,4396,10630,137810,1632,2642333,413,141,130310,2335513,119691,2740590
,,2021-05-14,494,2,8137,-26,0,643,57752,5189,-100,138304,1634,2650470,387,141,130953,2393265,124880,2740490